,Título,Autor,Co Autor,Co-Autor..,Nota,Total de Avaliações,Nº de Páginas,Data,Editora,Tipo
0,Introdução À Algoritmia e Programação com Python,Filipe Portela,Tiago C. Pereira,," 1,0 ",1 classificação,384 páginas,21 novembro 2023,Fca,  Capa comum – 21 novembro 2023 
1,Python: guia básico para iniciantes,Francisco Jonas,,," 5,0 ",1 classificação,62 páginas,3 dezembro 2023,vazio,  eBook Kindle 
2,Código limpo: habilidades práticas do Agile software,Robert C. Martin,,," 4,9 ",6.501 avaliações de clientes,425 páginas,8 setembro 2009,Alta Books,"  Capa comum – Edição padrão, 8 setembro 2009 "
3,Python descomplicado com o Chatgpt.,Clayton Costa,,," 4,4 ",4 avaliações de clientes,27 páginas,15 março 2024,vazio,  eBook Kindle 
4,"A próxima onda: Inteligência artificial, poder e o maior dilema do século XXI",Mustafa Suleyman,Michael Bhaskar,," 4,6 ",134 avaliações de clientes,420 páginas,16 outubro 2023,Record,  Capa comum – 16 outubro 2023 
5,Aprendendo Química com python,Rodrigo Queiroz de Albuquerque,Gerd Bruno da Rocha,," 5,0 ",2 avaliações de clientes,531 páginas,30 janeiro 2023,vazio,  eBook Kindle 
6,Python Progressivo,Francisco J M De Matos,,," 4,8 ",17 avaliações de clientes,617 páginas,7 outubro 2019,Clube de Autores,  eBook Kindle 
7,Python Para Todos: Explorando Dados com Python 3,Yuri Loia de Medeiros,,," 4,8 ",24 avaliações de clientes,262 páginas,24 abril 2020,vazio,  Capa comum – 24 abril 2020 
8,Python e os Paradigmas da Programação,Rafaél José,,," 5,0 ",1 classificação,245 páginas,23 novembro 2023,vazio,  eBook Kindle 
9,"Python Fluente: Programação Clara, Concisa e Eficaz",Luciano Ramalho,,," 4,8 ",768 avaliações de clientes,800 páginas,15 outubro 2015,Novatec Editora,  Capa comum – 15 outubro 2015 
10,PYTHON TOTAL: Deep Learning e Visão Computacional,Fernando Feltrin,,,,,1651 páginas,9 maio 2024,vazio,  eBook Kindle 
11,Programação de redes com Python: Guia abrangente de programação e gerenciamento de redes com Python 3,Brandon Rhodes,John Goerzen,," 4,7 ",96 avaliações de clientes,713 páginas,9 outubro 2018,Novatec Editora,  eBook Kindle 
12,Modelos Matemáticos para Sistemas Logísticos e de Produção: Aplicações com MathProg e Python,Ricardo Saraiva de  Camargo,,," 5,0 ",3 avaliações de clientes,vazio,8 abril 2024,vazio,  [Print Replica] eBook Kindle 
13,"Informação, conhecimento, ação autônoma e big data: continuidade ou revolução?",Daniel Martínez-Ávila,,," 4,5 ",1.282 avaliações de clientes,259 páginas,1 janeiro 2019,SciELO - Editora UNESP,  eBook Kindle 
14,Tópicos de análise de dados Python,adam hazlewood,,," 5,0 ",1 classificação,23 páginas,15 abril 2023,vazio,  eBook Kindle 
15,PYTHON TOTAL Volume 5,Fernando Feltrin,,,,,1318 páginas,9 maio 2024,vazio,  eBook Kindle 
16,"Domine o Excel ® (3 em 1): Excel - 70 Fórmulas Incríveis, Excel - 51 Macros incríveis e 51 Dicas e Truques Incríveis",Luiz Felipe Araujo,,," 4,4 ",416 avaliações de clientes,142 páginas,10 fevereiro 2018,vazio,  eBook Kindle 
17,Python para todos 2: Intermediário com 22 projetos e 140 vídeos,Anibal Azevedo,,," 4,5 ",9 avaliações de clientes,vazio,7 outubro 2021,vazio,  [Print Replica] eBook Kindle 
18,Python para Pentesters: Guia prático para criação das próprias ferramentas,Thiago  Cavalcante,,,,,264 páginas,28 maio 2023,vazio,  eBook Kindle 
19,Introdução ao Desenvolvimento de Jogos em Python com PyGame,Harrison Kinsley,Will McGugan,," 4,6 ",14 avaliações de clientes,442 páginas,9 dezembro 2019,Novatec Editora,  eBook Kindle 
20,Desenvolvimento web com Flask: Desenvolvendo aplicações web com Python,Miguel Grinberg,,," 4,8 ",104 avaliações de clientes,398 páginas,9 abril 2019,Novatec Editora,  eBook Kindle 
21,Python do zero ao absoluto : Curso Completo de Linguagem de Programação Python,Jario Cláudio da Conceição,,," 5,0 ",1 classificação,vazio,19 agosto 2023,vazio,  eBook Kindle 
22,Chatbots para Telegram: Programe seus primeiros bots usando Python,Priscila Keli L. P. Frizzarin,Fernando Bryan Frizzarin,,,,176 páginas,31 janeiro 2023,Casa do Código,  eBook Kindle 
23,Programação Orientada à Objetos AVANÇADA em Python: Fernando Feltrin,Fernando Feltrin,,," 5,0 ",1 classificação,230 páginas,23 janeiro 2024,vazio,  eBook Kindle 
24,"PYTHON BÁSICO - Anotações, Exemplos, Exercícios e Projetos: Vários exercícios e projetos básicos do ""hello world"" até o ""for"" com resoluções comentadas (Python, do básico ao avançado! Livro 1)",Code em  um minuto,,," 4,4 ",9 avaliações de clientes,73 páginas,31 março 2023,vazio,  eBook Kindle 
25,Reconhecimento de Padrões: um Estudo Dirigido,Rogério Galante Negri,,," 4,7 ",74 avaliações de clientes,276 páginas,9 dezembro 2021,Blucher,  Capa comum – 9 dezembro 2021 
26,Pandas Python: Data Wrangling para Ciência de Dados,Eduardo Corrêa,,," 4,6 ",27 avaliações de clientes,247 páginas,24 janeiro 2020,Casa do Código,  eBook Kindle 
27,Python na Prática Vol. 2: Aprenda Python Através de Exercícios Comentados (Python na Prática - Fernando Feltrin),Fernando Feltrin,,," 4,5 ",20 avaliações de clientes,138 páginas,9 maio 2022,vazio,  eBook Kindle 
28,360 Exercícios Resolvidos e Comentados em Python (Exercícios Resolvidos e Comentados em Python - Fernando Feltrin Livro 3),Fernando Feltrin,,," 5,0 ",1 classificação,735 páginas,22 abril 2023,vazio,  eBook Kindle 
29,O codificador limpo: um código de conduta para programadores profissionais,Bob Martin,,," 4,9 ",1.696 avaliações de clientes,244 páginas,4 maio 2012,Alta Books,  Capa comum – 4 maio 2012 
30,Desenvolvimento Avançado de Aplicativos com Python e KivyMD,Francisco Iago Lira Passos,,,,,81 páginas,15 abril 2024,vazio,  eBook Kindle 
31,50 FUNÇÕES PANDAS COM EXEMPLOS PRÁTICOS (PYTHON) EDITION PORTUGUÊS (Série Python Masterclass: Códigos Prontos e Passo a Passo Livro 3),DIETRICH MONTCHO,,," 5,0 ",2 avaliações de clientes,vazio,1 abril 2023,vazio,  [Print Replica] eBook Kindle 
32,Introdução a Algoritmos e Programação com Python - Uma Abordagem Dirigida Por Testes,Raul Sidnei Wazlawick,,," 4,9 ",21 avaliações de clientes,540 páginas,17 novembro 2023,GEN LTC,  eBook Kindle 
33,Programação Orientada a Objetos – Conceitos e técnicas,SERGIO FURGERI,,," 4,2 ",24 avaliações de clientes,267 páginas,18 junho 2018,Érica,  eBook Kindle 
34,Começando a programar em Python Para leigos,John Paul Mueller,,," 4,5 ",38 avaliações de clientes,400 páginas,20 maio 2016,Alta Books,"  Capa comum – Edição padrão, 20 maio 2016 "
35,Análise de Séries Temporais: Modelos Multivariados e Não Lineares (Volume 2),Pedro A. Morettin,Clélia M. C. Toloi,," 4,7 ",52 avaliações de clientes,284 páginas,1 setembro 2020,Blucher,  Capa comum – 1 setembro 2020 
36,Introdução à programação em Python (Série Universitária),Sérgio Furgeri,,,,,185 páginas,12 março 2021,Editora Senac São Paulo,  eBook Kindle 
37,CRUD em Python,Fernando Feltrin,,," 5,0 ",2 avaliações de clientes,187 páginas,9 janeiro 2024,vazio,  eBook Kindle 
38,Introdução ao MongoDB,David Hows,,," 4,5 ",69 avaliações de clientes,168 páginas,5 março 2015,Novatec Editora,  Capa comum – 5 março 2015 
39,Python para todos: Iniciante,Anibal Azevedo,,," 4,3 ",24 avaliações de clientes,352 páginas,4 fevereiro 2021,vazio,  eBook Kindle 
40,+100 Problemas com soluções e Projetos com Python: Exercícios do nível iniciante até o super avançado para exercitar sua logica de programação,Nomade  Programador,,,,,45 páginas,23 abril 2023,vazio,  eBook Kindle 
41,Introducao A Programacao Numerica Em Python,Elinei Pinto Dos Santos,,," 3,8 ",7 avaliações de clientes,288 páginas,6 fevereiro 2021,MODERNA,  Capa comum – 6 fevereiro 2021 
42,Aprenda a programar com Python: Descomplicando o desenvolvimento de software,Leonardo Soares e Silva,Gabriel Fortes,," 5,0 ",1 classificação,389 páginas,10 junho 2022,Casa do Código,  eBook Kindle 
43,"Análise Exploratória de Dados com Python, Pandas e Numpy",Fernando Feltrin,,," 4,5 ",77 avaliações de clientes,180 páginas,29 junho 2021,vazio,  eBook Kindle 
44,Aplicações Avançadas de Visão Computacional: Da Teoria à Prática,Francisco Iago Lira Passos,,,,,83 páginas,23 abril 2024,vazio,  eBook Kindle 
45,Método de Volumes Finitos Aplicado à Condução de Calor: Uma abordagem com Python,Aluizio de Freitas,,," 4,6 ",14 avaliações de clientes,vazio,2 julho 2021,vazio,  eBook Kindle 
46,Data Science Para Programadores. Um Guia Completo Utilizando a Linguagem Python,Cleuton Sampaio de Melo Junior,,," 3,6 ",5 avaliações de clientes,256 páginas,1 janeiro 2018,Irh Press do Brasil,  Capa comum – 1 janeiro 2018 
47,Tratamento de Dados com Python + Pandas: Versão Estendida,Fernando Feltrin,,," 3,9 ",6 avaliações de clientes,214 páginas,12 julho 2022,vazio,  eBook Kindle 
48,SOLID: Rápido e Fácil,Avner Mayer,,," 4,3 ",24 avaliações de clientes,35 páginas,10 fevereiro 2023,vazio,  eBook Kindle 
49,Design de Microsserviços com Django: uma Visão Geral das Ferramentas e Práticas,Akos Hochrein,,," 4,4 ",43 avaliações de clientes,144 páginas,15 abril 2020,Novatec Editora,  Capa comum – 15 abril 2020 
50,"Estruturas de Dados: Domine as práticas essenciais em C, Java, C#, Python e JavaScript",Thiago Leite e Carvalho,,," 4,0 ",2 avaliações de clientes,375 páginas,13 junho 2023,Casa do Código,  eBook Kindle 
51,Python Além da Teoria,Enzo Carvalho Tucci,,," 5,0 ",2 avaliações de clientes,53 páginas,21 junho 2023,vazio,  eBook Kindle 
52,Python Poderoso: Dominando a Linguagem,julio cesar,,,,,73 páginas,4 abril 2024,vazio,  eBook Kindle 
53,Programação Matemática: Otimização Linear e Não Linear,José Felipe Souza de Almeida,,," 3,0 ",5 avaliações de clientes,vazio,5 julho 2021,Editora Dialética,  eBook Kindle 
54,Introdução à Programação usando Python,Sónia Rolland Sobral,,,,,232 páginas,10 março 2023,Sílabo,  Capa comum – 10 março 2023 
55,Curso Básico da Linguagem C,Peter Jandl Junior,,," 4,6 ",28 avaliações de clientes,232 páginas,4 abril 2019,Novatec Editora,  Capa comum – 4 abril 2019 
56,Consumindo a API do Zabbix com Python,Janssen dos Reis Lima,,," 4,5 ",43 avaliações de clientes,214 páginas,17 maio 2016,BRASPORT,  eBook Kindle 
57,Deixe seu código limpo e brilhante: Desmistificando Clean Code com Java e Python,José Yoshiriro,,," 4,0 ",2 avaliações de clientes,232 páginas,17 maio 2023,Casa do Código,  eBook Kindle 
58,Flask de A a Z: Crie aplicações web mais completas e robustas em Python,Tiago Silva,,," 4,0 ",10 avaliações de clientes,353 páginas,29 outubro 2019,Casa do Código,  eBook Kindle 
59,Coletânea PYTHON TOTAL: Edição Exercícios Resolvidos e Comentados em Python,Fernando Feltrin,,,,,1015 páginas,5 março 2024,vazio,  eBook Kindle 
60,Python Rad (Rapid Application Development) - Aplicacao Para Web e Desktop,Souza,,," 3,5 ",4 avaliações de clientes,224 páginas,1 janeiro 2014,Ciencia Moderna,  Capa comum – 1 janeiro 2014 
61,Programação em Python. Introdução à Programação Utilizando Múltiplos Paradigmas,João Pavão Martins,,," 3,6 ",2 avaliações de clientes,596 páginas,1 janeiro 2015,IST Press,  Capa comum – 1 janeiro 2015 
62,Introdução a Programação com Python,Rojas,kostin,," 5,0 ",2 avaliações de clientes,176 páginas,9 setembro 2020,Ciencia Moderna,  Capa comum – 9 setembro 2020 
63,Fundamentos Algorítmicos Negociação Com Pythonseu,Jideon F Marques ,,,,,329 páginas,30 janeiro 2024,Clube de Autores,  eBook Kindle 
64,Coletânea PYTHON TOTAL Volume 3,Fernando Feltrin,,," 5,0 ",1 classificação,2215 páginas,10 julho 2022,vazio,  eBook Kindle 
65,Black Hat Python: Programação Python Para Hackers e Pentesters,Justin Seitz,,," 4,6 ",211 avaliações de clientes,200 páginas,2 março 2015,Novatec Editora,  Capa comum – 2 março 2015 
66,Pipeline de Dados e ETL : Um Guia Prático para Engenheiros de Dados,Cézar Augusto Meira Carmo,,," 3,4 ",8 avaliações de clientes,89 páginas,22 julho 2023,vazio,  eBook Kindle 
67,Coletânea PYTHON TOTAL: Edição Redes Neurais Artificiais,Fernando Feltrin,,,,,1663 páginas,5 abril 2023,vazio,  eBook Kindle 
68,Domínio da Inteligência Artificial com Python: Do Básico ao Avançado,Francisco Iago Lira Passos,,,,,39 páginas,20 abril 2024,vazio,  eBook Kindle 
69,Dominando o Pyspark: Guia Prático e Objetivo,Cézar Augusto Meira Carmo,,," 4,4 ",7 avaliações de clientes,177 páginas,3 julho 2023,vazio,  eBook Kindle 
70,"Python, ChatGPT e Django REST: Seu Guia para Dominar APIs Poderosas e Não Ficar Obsoleto: Desenvolva Habilidades Essenciais e Mantenha-se à Frente da Concorrência no Mundo da Programação",Marcus Vinicius D. B. Braga,,," 1,0 ",1 classificação,444 páginas,23 abril 2023,vazio,  eBook Kindle 
71,Processamento de linguagem natural com Python: Simplesmente em profundidade,Ajit Singh,André Diogo Weber,," 4,3 ",7 avaliações de clientes,102 páginas,19 junho 2021,Babelcube Inc.,  eBook Kindle 
72,ALGORITMOS COM PYTHON PARA INICIANTES,RAFAEL SOARES DE ALMEIDA,,,,,252 páginas,1 janeiro 2023,CIENCIA MODERNA,  Capa comum – 1 janeiro 2023 
73,Use a cabeça! Programação: programação,Paul Barry,David Griffiths,," 4,6 ",102 avaliações de clientes,440 páginas,18 agosto 2009,Alta Books,  Capa comum – 18 agosto 2009 
74,Algoritmos e Lógica da Programação,Marco A. Furlan de Souza,,," 4,7 ",676 avaliações de clientes,304 páginas,10 janeiro 2019,Editora Cengage,  Capa comum – 10 janeiro 2019 
75,Visão Computacional em Python: Do básico às redes neurais artificiais: Versão Estendida,Fernando Feltrin,,,,,689 páginas,10 outubro 2023,vazio,  eBook Kindle 
76,Álgebra Linear com Python: Aprenda na prática os principais conceitos (Cientista de dados - Analista Quant Livro 1),Rafael  F.V.C. Santos,,," 4,4 ",149 avaliações de clientes,91 páginas,17 julho 2018,vazio,  eBook Kindle 
77,Introdução à Orientação a Objetos com C++ e Python: Uma abordagem prática,Orlando Saraiva Jr,,," 4,4 ",60 avaliações de clientes,226 páginas,21 março 2017,Novatec Editora,  eBook Kindle 
78,A História (Quase) Definitiva de Monty Python: Cinco britânicos e um americano que reinventaram o nonsense e viraram o mundo de ponta-cabeça,Thiago Meister Carneiro,,," 4,2 ",21 avaliações de clientes,394 páginas,1 maio 2019,Viseu,  eBook Kindle 
79,Modelagem Matemática de Doenças Infecciosas: com aplicação em Python para COVID-19,Gilberto Pereira Ramos,,,,,147 páginas,8 agosto 2023,Editora Dialética,  eBook Kindle 
80,Python Para Universitários: Aprenda Programação Orientada a Objetos (POO) Passo a Passo,Eduardo Moura,,," 2,0 ",1 classificação,530 páginas,21 julho 2023,vazio,  eBook Kindle 
81,Automação em Python: Aprenda em 2h,Marcelo F. N. de Oliveira,,," 1,0 ",1 classificação,32 páginas,26 janeiro 2024,vazio,  eBook Kindle 
82,Algoritmos Genéticos,Ricardo Linden,,," 4,6 ",49 avaliações de clientes,496 páginas,1 janeiro 2012,Ciência Moderna,  Capa comum – 1 janeiro 2012 
83,FastAPI: Construa APIs em Python: Aprenda de uma vez por todas e sem enrolação (Programação para Iniciantes),André Regino,,," 2,5 ",2 avaliações de clientes,vazio,17 janeiro 2024,vazio,  [Print Replica] eBook Kindle 
84,Descomplicando Algoritmos e Programação: Passo a passo para o Sucesso!,Deivison Andrade,,,,,66 páginas,11 abril 2024,vazio,  eBook Kindle 
85,CRUD em Python: Versão Estendida,Fernando Feltrin,,,,,354 páginas,9 janeiro 2024,vazio,  eBook Kindle 
86,Análise Financeira com Python - Fernando Feltrin,Fernando Feltrin,,," 4,4 ",87 avaliações de clientes,98 páginas,14 junho 2020,vazio,  eBook Kindle 
87,Processamento de imagens: Edição de construção do ambiente Python/OpenCV,Dr. mint,,," 5,0 ",1 classificação,76 páginas,10 maio 2024,vazio,  eBook Kindle 
88,3 em 1 - Python do ZERO às Redes Neurais Artificiais: Python do básico ao avançado + Redes Neurais Artificiais,Fernando Feltrin,,," 4,6 ",28 avaliações de clientes,515 páginas,26 janeiro 2020,vazio,  eBook Kindle 
89,Utilizando a linguagem Python para Análises de dados com Chat GPT: Data Science,Edvaldo Souza,,,,,40 páginas,20 dezembro 2023,vazio,  eBook Kindle 
90,Programação Orientada a Objetos com Python,Fernando Feltrin,,," 4,5 ",112 avaliações de clientes,124 páginas,17 janeiro 2020,vazio,  eBook Kindle 
91,Domínio de Python e Django: Construindo Aplicações Web,Anderson Rogério,,," 1,0 ",1 classificação,131 páginas,20 outubro 2023,vazio,  eBook Kindle 
92,Python em 100 Páginas: Aprenda os fundamentos de forma rápida e prática,Dan Murray,Roger F. Silva,," 4,3 ",11 avaliações de clientes,114 páginas,12 abril 2020,vazio,  eBook Kindle 
93,Guia Python Definitivo Para Iniciantes: Evolução e trabalho na área de Tecnologia,Marcelo Fabiano  N. de Oliveira,,," 4,0 ",2 avaliações de clientes,80 páginas,7 dezembro 2023,vazio,  eBook Kindle 
94,PUDIM PROJECT: Python Volume 06 - Automatizando Postagens em Redes e Plataformas Sociais (Python PUDIM PROJECT Livro 6),ANDRE LUIZ BERNARDES,Ana Cláudia Santos Bernardes,,,,48 páginas,15 abril 2024,vazio,  eBook Kindle 
95,A Linguagem de Programação Go,Alan A. A. Donovan,Brian W. Kernighan,," 4,8 ",470 avaliações de clientes,480 páginas,14 março 2017,Novatec Editora,  Capa comum – 14 março 2017 
96,Documentação do Python,Cláudio Rogério  Carvalho Filho,,," 4,0 ",2 avaliações de clientes,10262 páginas,30 junho 2022,vazio,  eBook Kindle 
97,Python para Todos - Apostila do curso: Aprenda a criar diversas aplicações,EVALDO WOLKERS,LOUIS WOLKERS,," 4,8 ",5 avaliações de clientes,332 páginas,8 agosto 2019,vazio,  eBook Kindle 
98,Computação Numérica: Métodos e Implementações,Milton Brown do Coutto Filho,Vinícius Biajoni Braga Flôr,,,,352 páginas,28 fevereiro 2024,Blucher,  Capa comum – 28 fevereiro 2024 
99,Programação em Python. Fundamentos e Resolução de Problemas,Ernesto Costa,,,,,632 páginas,1 janeiro 2015,FCA,  Capa comum – 1 janeiro 2015 
100,O Zen do Python: Uma Introdução Suave à Programação,Vinicius Borges,,,,,409 páginas,14 maio 2023,vazio,  eBook Kindle 
101,Como usar o Chatgpt para programar em python,Clayton Costa,,,,,19 páginas,13 março 2024,vazio,  eBook Kindle 
102,Documentação do PyGame,Cláudio Rogério Carvalho Filho,,,,,924 páginas,4 dezembro 2021,vazio,  eBook Kindle 
103,Estruturas de Dados e Algoritmos com JavaScript: Escreva um Código JavaScript Complexo e Eficaz Usando a Mais Recente ECMAScript,Loiane Groner,,," 4,9 ",1.132 avaliações de clientes,408 páginas,11 março 2019,Novatec Editora,  Capa comum – 11 março 2019 
104,Ensinando Programação em Python para Crianças: 5 Projetos Simples e Práticos!,Fernando Sarracini Júnior,Lorenzo M. Sarracini,," 5,0 ",3 avaliações de clientes,63 páginas,5 fevereiro 2023,vazio,  eBook Kindle 
105,Deep Learning em Python: Fernando Feltrin,Fernando Feltrin,,,,,381 páginas,3 abril 2023,vazio,  eBook Kindle 
106,Construindo Aplicações web com PHP e MySQL,André Milani,,," 4,4 ",92 avaliações de clientes,336 páginas,1 novembro 2016,Novatec Editora,  Capa comum – 1 novembro 2016 
107,Raspberry PI: guia do usuário,Eben Upton,Gareth Halfacree,," 4,6 ",73 avaliações de clientes,288 páginas,28 novembro 2017,Alta Books,  Capa comum – 28 novembro 2017 
108,MongoDB. Construa Novas Aplicações com Novas Tecnologias,Fernando Boaglio,,," 4,2 ",27 avaliações de clientes,215 páginas,1 janeiro 2015,Casa do Código,  Capa comum – 1 janeiro 2015 
109,Análise Estatística da Decisão,Otto R. Bekman,Pedro Luiz O. Costa Neto,," 4,4 ",13 avaliações de clientes,160 páginas,1 janeiro 2009,Blucher,  Capa comum – 1 janeiro 2009 
110,Simulação de Eventos Discretos com Python Simpy : Um guia prático,Jair José Ferronato,,," 2,0 ",2 avaliações de clientes,vazio,18 setembro 2023,vazio,  eBook Kindle 
111,Controladores Lógicos Programáveis: Sistemas Discretos,Claiton Moro Franchi,Valter Luís Arlindo de Camargo,," 4,9 ",34 avaliações de clientes,352 páginas,24 novembro 2020,Editora Érica,  Capa comum – 24 novembro 2020 
112,Domine Python em 2h,Marcelo Fabiano,,," 5,0 ",1 classificação,30 páginas,20 janeiro 2024,vazio,  eBook Kindle 
113,Python para todos 3: CSS + HTML,Anibal Azevedo,,," 4,8 ",7 avaliações de clientes,vazio,25 março 2022,vazio,  [Print Replica] eBook Kindle 
114,Programação funcional Para Leigos,John Paul Mueller,,," 4,2 ",19 avaliações de clientes,320 páginas,20 dezembro 2019,Alta Books,  Capa comum – 20 dezembro 2019 
115,Programação Definitiva De Redes Neurais Com Python,Jideon F Marques ,,,,,652 páginas,17 janeiro 2024,Clube de Autores,  eBook Kindle 
116,Análise de Dados Financeiros e Econômicos com o R,Marcelo S. Perlin,,," 4,6 ",209 avaliações de clientes,781 páginas,14 fevereiro 2021,vazio,  eBook Kindle 
117,Python do Básico ao Avançado - Fernando Feltrin,Fernando Feltrin,,," 4,7 ",8 avaliações de clientes,601 páginas,24 agosto 2020,vazio,  eBook Kindle 
118,PUDIM PROJECT: Python Volume 02 - Funções Essenciais (Python PUDIM PROJECT Livro 2),ANDRE LUIZ BERNARDES,Ana Cláudia Santos Bernardes,,,,54 páginas,14 abril 2024,vazio,  eBook Kindle 
119,Aprendendo Python: Um guia básico de programação,André Backes,,,,,217 páginas,16 janeiro 2024,vazio,  eBook Kindle 
120,"Introdução à Programação Científica: Trabalhando com MATLAB®, Scilab e Python",Vinícius Simionatto,Layse Boere,," 5,0 ",1 classificação,252 páginas,12 julho 2022,vazio,  [Print Replica] eBook Kindle 
121,COLETÂNEA PYTHON NA PRÁTICA: Fernando Feltrin,Fernando Feltrin,,," 4,0 ",2 avaliações de clientes,874 páginas,17 dezembro 2022,vazio,  eBook Kindle 
122,Aplicações Web com Python e Dash: Do Básico ao Avançado,Fernando Feltrin,,," 4,4 ",3 avaliações de clientes,258 páginas,17 fevereiro 2023,vazio,  eBook Kindle 
123,Python na Prática - Aprenda Python Através de Exemplos Comentados: Apenas códigos comentados,Fernando Feltrin,,," 4,6 ",43 avaliações de clientes,365 páginas,6 março 2021,vazio,  eBook Kindle 
124,Use a cabeça! Aprenda a programar: aprenda a programar,Eric Freeman,,," 4,8 ",120 avaliações de clientes,640 páginas,18 junho 2019,Alta Books,  Capa comum – 18 junho 2019 
125,PYTHON TOTAL - Volume 2: Fernando Feltrin,Fernando Feltrin,,," 4,6 ",7 avaliações de clientes,1350 páginas,16 agosto 2021,vazio,  eBook Kindle 
126,Python para Gestores: Um guia prático para programação no mundo dos negócios,Libânia Rangel de Alvarenga Paes,,," 4,5 ",2 avaliações de clientes,198 páginas,2 março 2022,vazio,  eBook Kindle 
127,Algoritmos e Programação I: Python para Matemática (Notas de Aula),Pedro H A Konzen,,,,,276 páginas,16 março 2024,vazio,  eBook Kindle 
128,Coletânea Python Best Sellers - Fernando Feltrin,Fernando Feltrin,,,,,1203 páginas,30 julho 2023,vazio,  eBook Kindle 
129,Padrões em Dados: Detecção usando Python,Francisco Iago Lira Passos,,,,,63 páginas,16 abril 2024,vazio,  eBook Kindle 
130,Python - 20% que eu preciso saber para ter 80% de resultados,Fabricio de Mello Viegas,,," 3,0 ",1 classificação,186 páginas,26 setembro 2023,vazio,  Capa comum – 26 setembro 2023 
131,COLETÂNEA Interfaces Gráficas com Python: Fernando Feltrin,Fernando Feltrin,,," 4,0 ",2 avaliações de clientes,697 páginas,18 fevereiro 2023,vazio,  eBook Kindle 
132,Arquitetura de software distribuído: Boas práticas para um mundo de microsserviços,Flávio Lisboa,,," 3,5 ",17 avaliações de clientes,150 páginas,22 outubro 2021,Casa do Código,  eBook Kindle 
133,Cálculo Diferencial e Integral de Funções de Uma Variável com Python,Barbosa,Rojas,Concordido," 3,3 ",5 avaliações de clientes,208 páginas,9 setembro 2020,Ciencia Moderna,  Capa comum – 9 setembro 2020 
134,"Desenvolvimento de Jogos 2D com Unity: O Guia do Iniciante (Jogos, python e IA)",Michael Lopes Bastos,,," 5,0 ",1 classificação,116 páginas,18 janeiro 2024,vazio,  eBook Kindle 
135,Monty Python. Uma Biografia Escrita por Monty Python,Monty Python,,," 4,5 ",15 avaliações de clientes,431 páginas,15 dezembro 2017,Realejo,"  Capa comum – Edição padrão, 15 dezembro 2017 "
136,Guia Oficial Raspberry Pi Para Iniciantes: Como Utilizar O Seu Novo Computador,Gareth Halfacree,,,,,304 páginas,25 junho 2024,Raspberry Pi Press,  Capa comum – 25 junho 2024 
137,Coletânea Python Bootcamp: (Exercícios em Python),Felipe de Agostini,,,,,380 páginas,24 agosto 2023,vazio,  eBook Kindle 
138,As Regras da Programação: Como criar códigos melhores,Chris Zimmerman,,," 3,7 ",5 avaliações de clientes,448 páginas,7 julho 2023,Novatec Editora,  eBook Kindle 
139,Introdução à Economia,N. Gregory Mankiw,,," 4,9 ",820 avaliações de clientes,720 páginas,24 janeiro 2019,Editora Cengage,  Capa comum – 24 janeiro 2019 
140,Fundamentos da Programação Lógica e Funcional: o Princípio de Resolução e a Teoria de Reescrita,Mauricio Ayala-Rincón,Flávio Leonardo Cavalcanti De Moura,," 4,4 ",12 avaliações de clientes,232 páginas,1 janeiro 2014,Editora UnB,  Capa comum – 1 janeiro 2014 
141,Mergulhando No Python,Pilgrim Mark,,,,,248 páginas,1 janeiro 2005,Starlin Alta Consult,  Capa comum – 1 janeiro 2005 
142,Manual Básico da Linguagem R: Introdução à análise de dados com a linguagem R e o RStudio para área da saúde,Henrique Alvarenga da Silva,,," 4,7 ",405 avaliações de clientes,vazio,24 janeiro 2019,vazio,  [Print Replica] eBook Kindle 
143,Métodos Computacionais Aplicados à Agricultura,Sergio Silva Ribeiro,,,,,122 páginas,3 outubro 2018,Clube de Autores,  Capa flexível – 3 outubro 2018 
144,Seja um Programador Foda!: Manual para uma carreira de sucesso,Deibson Carvalho,,," 4,6 ",316 avaliações de clientes,117 páginas,10 janeiro 2021,vazio,  eBook Kindle 
145,Python para Pessoas com TDAH: Curso Passo a Passo de Programação,Erto Toneto,,,,,82 páginas,1 outubro 2023,vazio,  eBook Kindle 
146,Lógica de Programação com Python: Aprenda a Programar do Zero!,Vanilson Carvalho,,," 5,0 ",1 classificação,32 páginas,27 fevereiro 2023,vazio,  eBook Kindle 
147,Guia Prático Python & Flask: Aprenda a criar aplicações web usando o mini framework mais usado na atualidade,Wallace Fragoso,,," 4,4 ",21 avaliações de clientes,76 páginas,20 novembro 2018,vazio,  eBook Kindle 
148,Programação com Arduino: Começando com Sketches,Simon Monk,,," 4,7 ",191 avaliações de clientes,180 páginas,14 julho 2017,Bookman,  eBook Kindle 
149,Coletânea Programação Orientada à Objetos em Python: Fernando Feltrin,Fernando Feltrin,,," 5,0 ",1 classificação,343 páginas,25 janeiro 2024,vazio,  eBook Kindle 
150,"Aplicações Web com Python, Flet e Dash",Fernando Feltrin,,," 5,0 ",1 classificação,381 páginas,13 fevereiro 2023,vazio,  eBook Kindle 
151,Princípios de Ecologia Numérica: com exemplos em Python,Mauro J. Cavalcanti,,," 5,0 ",2 avaliações de clientes,225 páginas,16 abril 2019,vazio,  eBook Kindle 
152,FUNDAMENTOS DE DEEP LEARNING: Um Guia Essencial para Estudantes e Profissionais,Diego  Rodrigues,,,,,50 páginas,11 maio 2024,vazio,  eBook Kindle 
153,Trilhas Python: Programação multiparadigma e desenvolvimento Web com Flask,Eduardo Pereira,,," 5,0 ",4 avaliações de clientes,439 páginas,22 junho 2018,Casa do Código,  eBook Kindle 
154,"Python Para Análise de Dados: Tratamento de Dados com Pandas, NumPy e IPython",Wes McKinney,,," 4,8 ",1.136 avaliações de clientes,616 páginas,9 janeiro 2018,Novatec Editora,  Capa comum – 9 janeiro 2018 
155,Wild Lovers (San Diego Pythons Livro 2),Esther Moretti,,," 4,7 ",1.145 avaliações de clientes,459 páginas,12 janeiro 2024,vazio,  eBook Kindle 
156,Deep Learning em Python: Versão Estendida,Fernando Feltrin,,," 4,5 ",2 avaliações de clientes,394 páginas,6 abril 2023,vazio,  eBook Kindle 
157,Aprendizado profundo Para Leigos,John Paul Mueller,Luca Massaron,," 4,6 ",47 avaliações de clientes,368 páginas,28 agosto 2020,Alta Books,  Capa comum – 28 agosto 2020 
158,Sistemas Orientados a Objetos: Teoria e Prática com UML e Java,Pablo Rangel,José Gomes de Carvalho Jr.,," 4,7 ",52 avaliações de clientes,304 páginas,5 janeiro 2022,Brasport,"  Capa comum – Edição padrão, 5 janeiro 2022 "
159,Modelagem Matemática de Doenças Infecciosas - Com aplicação em Python para Covid-19,Gilberto Pereira Ramos,,,,,140 páginas,28 julho 2023,Dialética,  Capa comum – 28 julho 2023 
160,CCNA 7.0 - VOLUME 1 e 2 - CCIE Lucas Palma - Preparatório para certificação CCNA 200-301,,,,,,1060 páginas,vazio,vazio,  Livro em oferta 
161,Documentação do PyInstaller,Cláudio Rogério Carvalho Filho,,," 4,5 ",2 avaliações de clientes,354 páginas,4 dezembro 2021,vazio,  eBook Kindle 
162,PUDIM PROJECT: Python Volume 01 - Funções Essenciais (Python PUDIM PROJECT Livro 1),ANDRE LUIZ BERNARDES,Ana Cláudia Santos Bernardes,,,,50 páginas,14 abril 2024,vazio,  eBook Kindle 
163,Python Descomplicado: P,EDUARDO PEREIRA,,,,,223 páginas,9 abril 2023,vazio,  eBook Kindle 
164,"Segredos do Desenvolvimento Web com CSS Avançado: Domine práticas de HTML e CSS Avançado, Plano Cartesiano e Box Model para Front-End (Aprendendo Desenvolvimento Web Front-End, HTML e CSS)",Dorian Torres,,," 5,0 ",1 classificação,50 páginas,15 abril 2024,vazio,  eBook Kindle 
165,Análise de dados Python para novatos: numpy/pandas/matplotlib/sklearn/keras,Joshua K. Cage,,," 4,2 ",18 avaliações de clientes,118 páginas,20 setembro 2020,vazio,  eBook Kindle 
166,Ebook: Python para Leigos - Um Guia Completo para Iniciantes,Ápio Nogueira,,," 4,0 ",1 classificação,30 páginas,20 julho 2023,vazio,  eBook Kindle 
167,Introdução à Programação com Python,Nilo Ney Coutinho Menezes,,," 4,8 ",203 avaliações de clientes,328 páginas,17 junho 2014,Novatec,  Capa comum – 17 junho 2014 
168,"Bata em 100 bibliotecas Python: série de aprendizagem de 1 hora, edição 2024",Kanllo Tomoya,,,,,166 páginas,13 fevereiro 2024,vazio,  eBook Kindle 
169,"Django Essencial: Usando REST, Websockets e Backbone",Julia Elman,Mark Lavin,," 3,8 ",6 avaliações de clientes,312 páginas,31 março 2015,Novatec Editora,  Capa comum – 31 março 2015 
170,Práticas de Python. Algoritmia e Programação,Adelaide Carvalho,,," 5,0 ",1 classificação,352 páginas,30 março 2021,Fca,  Capa comum – 30 março 2021 
171,PUDIM PROJECT: Python Volume 04 - Funções para Automatização (Python PUDIM PROJECT Livro 4),ANDRE LUIZ BERNARDES,Ana Cláudia Santos Bernardes,,,,62 páginas,15 abril 2024,vazio,  eBook Kindle 
172,PUDIM PROJECT: Python Volume 03 - Automatizando Postagens em Redes e Plataformas Sociais (Python PUDIM PROJECT Livro 3),ANDRE LUIZ BERNARDES,Ana Cláudia Santos Bernardes,,,,49 páginas,14 abril 2024,vazio,  eBook Kindle 
173,Desenvolvimento Back-end com Python e JavaScript,Fernando Feltrin,,," 4,0 ",4 avaliações de clientes,194 páginas,6 outubro 2022,vazio,  eBook Kindle 
174,Código De Processo Civil Comentado,Nelson Nery Junior,,," 4,8 ",106 avaliações de clientes,2288 páginas,1 janeiro 2013,Revista dos Tribunais,  Capa comum – 1 janeiro 2013 
175,Aprenda Python em 2h: Com Projeto Backend Completo Grátis,Marcelo F. N.  de Oliveira,,," 5,0 ",2 avaliações de clientes,36 páginas,25 janeiro 2024,vazio,  eBook Kindle 
176,Algoritmos e programação II com C# (Série Universitária),Rafael Sanches Rocha,,,,,210 páginas,13 julho 2023,Editora Senac São Paulo,  eBook Kindle 
177,PUDIM PROJECT: Python Volume 05 - Automatizando Postagens em Redes e Plataformas Sociais (Python PUDIM PROJECT Livro 5),ANDRE LUIZ BERNARDES,Ana Cláudia Santos Bernardes,,,,49 páginas,15 abril 2024,vazio,  eBook Kindle 
178,Dicionário de Termos Técnicos de Informática - 3a. edição,Carlos E. Morimoto,,," 4,5 ",387 avaliações de clientes,vazio,1 dezembro 2012,vazio,  eBook Kindle 
179,Exercícios Python Numpy: Skyrocket sua habilidade de Python,Joshua K. Cage,,,,,165 páginas,30 setembro 2020,vazio,  eBook Kindle 
180,Coletânea PYTHON NA PRÁTICA Vol. 3: Aprenda Python Através de Exercícios Resolvidos e Comentados,Fernando Feltrin,,," 5,0 ",3 avaliações de clientes,474 páginas,29 junho 2022,vazio,  eBook Kindle 
181,Python Em 30 Dias,Jideon Francisco Marques ,,,,,210 páginas,12 julho 2023,Clube de Autores,  eBook Kindle 
182,Mãos à obra: aprendizado de máquina com scikit-learn & tensorflow,Aurélien Géron,,," 4,7 ",408 avaliações de clientes,576 páginas,28 junho 2019,Alta Books,  Capa comum – 28 junho 2019 
183,Curso Básico de Python,Renato da Silva,,,,,60 páginas,10 abril 2024,vazio,  eBook Kindle 
184,Desvendando o MongoDB. Do Mongo Shell ao Java Driver,Marcio Ballem de Souza,,," 5,0 ",5 avaliações de clientes,408 páginas,1 janeiro 2015,Ciência Moderna,  Capa comum – 1 janeiro 2015 
185,Controle e Modelagem Fuzzy,Marcelo Godoy Simões,Ian S. Shaw,," 4,5 ",43 avaliações de clientes,200 páginas,1 janeiro 2007,Blucher,  Capa comum – 1 janeiro 2007 
186,Docker: Conceito e Prática,Geraldo Melo,,,,,57 páginas,1 fevereiro 2024,vazio,  eBook Kindle 
187,Análise de Dados com Python e Pandas,Daniel Y. Chen,,," 4,7 ",148 avaliações de clientes,432 páginas,1 outubro 2018,Novatec Editora,  Capa comum – 1 outubro 2018 
188,Cálculo Numérico,Neide Maria Bertoldi Franco Franco,,," 4,4 ",22 avaliações de clientes,520 páginas,24 novembro 2006,Pearson Universidades,  Capa comum – 24 novembro 2006 
189,Como usar o Chatgpt para programar: Python,Clayton  Costa,Clayton Costa,," 5,0 ",1 classificação,62 páginas,26 março 2024,vazio,  eBook Kindle 
190,Tópicos Avançados em Python - Fernando Feltrin,Fernando Feltrin,,," 4,6 ",14 avaliações de clientes,214 páginas,4 agosto 2020,vazio,  eBook Kindle 
191,Ensine Seus Filhos a Programar: Um Guia Amigável aos Pais Para a Programação Python,Bryson Payne,,," 4,6 ",93 avaliações de clientes,368 páginas,15 setembro 2015,Novatec Editora,  Capa comum – 15 setembro 2015 
192,CONJUNTOS E LOGICA FUZZY,GERALDO BONORINO XEXEO,,," 5,0 ",6 avaliações de clientes,172 páginas,8 setembro 2022,CIENCIA MODERNA,  Capa comum – 8 setembro 2022 
193,Roteiro de Aprendizagem: Lógica de Programação e Algoritmos: Python como primeira linguagem,Milton Miranda Neto,Ígor Moraes,," 5,0 ",1 classificação,vazio,24 setembro 2023,vazio,  [Print Replica] eBook Kindle 
194,Introdução a Lógica de Programação,Carlos Isaias dos Santos Junior,,,,,57 páginas,30 setembro 2013,Clube de Autores,"  Capa comum – Edição padrão, 30 setembro 2013 "
195,Coletânea Python Na Prática - 3 Volumes,Fernando Feltrin,,," 5,0 ",2 avaliações de clientes,647 páginas,22 abril 2023,vazio,  eBook Kindle 
196,"Mudanças Cerebrais Devido a Psicoterapia: Alterações nos Padrões Energéticos Cerebrais, Quantificados por Eletroencefalografia Quantitativa (qEEG), ... Psicoterapêutico Cognitivo Comportamental",Sergio Pilling,,," 5,0 ",3 avaliações de clientes,278 páginas,24 abril 2023,Appris Editora,  Capa comum – 24 abril 2023 
197,Aprendendo PySpark: Passo a Passo,Ecio Ferreira,,," 5,0 ",3 avaliações de clientes,426 páginas,2 janeiro 2024,vazio,  Capa comum – 2 janeiro 2024 
198,Introdução ao Machine Learning: Com Python e Scikit-Learn,Raphael  R.,,," 2,0 ",1 classificação,57 páginas,26 outubro 2023,vazio,  eBook Kindle 
199,Pythonverso: Aprendendo Python com jogos e desafios,Guimarães,João Paulo Guimarães,," 5,0 ",1 classificação,136 páginas,2 maio 2023,vazio,  eBook Kindle 
200,Coletânea Deep Learning em Python: Do básico ao avançado,Fernando Feltrin,,,,,697 páginas,16 fevereiro 2024,vazio,  eBook Kindle 
201,Algoritmos Para Leigos,John Paul Mueller,Luca Massaron,," 4,5 ",63 avaliações de clientes,432 páginas,3 agosto 2018,Alta Books,"  Capa comum – Edição padrão, 3 agosto 2018 "
202,Redes Neurais Artificiais: Fernando Feltrin,Fernando Feltrin,,," 4,3 ",31 avaliações de clientes,607 páginas,3 maio 2020,vazio,  eBook Kindle 
203,Aprendizado Profundo Para Finanças,Jideon F Marques ,,,,,717 páginas,14 janeiro 2024,Clube de Autores,  eBook Kindle 
204,Plasticidade: teoria e exemplos na engenharia,Marco Túlio Cícero Araújo Fernandes,,," 4,7 ",9 avaliações de clientes,126 páginas,3 abril 2022,vazio,  [Print Replica] eBook Kindle 
205,Coletânea PYTHON TOTAL: Edição Tópicos Avançados / Especiais em Python,Fernando Feltrin,,,,,826 páginas,31 agosto 2023,vazio,  eBook Kindle 
206,Curso De Programação Em Python Para Iniciantes,Jideon F Marques ,,,,,472 páginas,12 novembro 2023,Clube de Autores,  eBook Kindle 
207,USE PYTHON NO POWER BI: Aumente sua produtividade com uso da linguagem Python,Business  Intelligence,,," 4,3 ",9 avaliações de clientes,18 páginas,28 dezembro 2020,vazio,  eBook Kindle 
208,Programação Descomplicada: As principais linguagens de programaçao e para que servem,Raphael  R.,,,,,54 páginas,24 outubro 2023,vazio,  eBook Kindle 
209,Robot framework: Automação versátil e consistente para testes,Thomás Daniel Vieira,,," 5,0 ",1 classificação,220 páginas,31 agosto 2023,Casa do Código,  eBook Kindle 
210,Não me faça pensar: atualizado,Steve Krug,,," 4,8 ",1.138 avaliações de clientes,212 páginas,6 agosto 2014,Alta Books,  Capa comum – 6 agosto 2014 
211,Computação Evolucionária: Aplique os algoritmos genéticos com Python e Numpy,Eduardo Pereira,,," 4,6 ",5 avaliações de clientes,253 páginas,25 setembro 2020,Casa do Código,  eBook Kindle 
212,Manual de Análise Técnica: Essência e estratégias avançadas: Tudo o que um investidor precisa saber para prosperar na bolsa de valores até em tempos de crise,Marcos Abe,,," 4,7 ",2.181 avaliações de clientes,298 páginas,6 setembro 2018,Novatec Editora,  eBook Kindle 
213,O Mínimo que você precisa saber sobre Banco de Dados e SQL: Uma abordagem prática e muito simples – para verdadeiros iniciantes (produtividadeprogramada.com.br),Tiago P. Ribeiro,,," 4,3 ",98 avaliações de clientes,133 páginas,5 janeiro 2022,vazio,  eBook Kindle 
214,Tecnologia da Informação para Concursos: Desenvolvimento de Software,Marco Aurélio  Minozzo,,,,,808 páginas,13 março 2024,vazio,  eBook Kindle 
215,Mundo Python : Guia Python Para Programadores Iniciantes c/ Projeto Bônus,Marcelo Fabiano N. de Oliveira,,," 2,0 ",1 classificação,30 páginas,20 janeiro 2024,vazio,  eBook Kindle 
216,Python De A A Z,Tiago L. Silva,,," 4,7 ",5 avaliações de clientes,142 páginas,6 agosto 2019,Clube de Autores,  Capa flexível – 6 agosto 2019 
217,Arrays com Python + Numpy - Fernando Feltrin,Fernando Feltrin,,," 4,6 ",115 avaliações de clientes,86 páginas,24 junho 2020,vazio,  eBook Kindle 
218,INTRODUÇÃO À PROGRAMAÇÃO CIENTÍFICA COM PYTHON,Luis Antonio Tavares,,," 5,0 ",1 classificação,166 páginas,27 outubro 2021,CIENCIA MODERNA,  Capa comum – 27 outubro 2021 
219,"Internet das Coisas com ESP8266, Arduino e Raspberry Pi 2ª edição: Atualizado para ESP32",Sérgio de Oliveira,,," 4,6 ",80 avaliações de clientes,376 páginas,18 março 2021,Novatec Editora,  eBook Kindle 
220,Python Essencial Da Ciência de Dados à Automação,MARCEL PACHECO,,," 4,0 ",1 classificação,118 páginas,18 agosto 2023,vazio,  eBook Kindle 
221,Put some farofa,Gregorio Duvivier,,," 4,2 ",239 avaliações de clientes,208 páginas,5 novembro 2014,Companhia das Letras,  Capa comum – 5 novembro 2014 
222,Fácil Aprendizagem Estruturas De Dados e Algoritmos Python 3: Aprenda graficamente estruturas de dados e algoritmos Python melhor do que antes,yang hu,,," 4,2 ",17 avaliações de clientes,233 páginas,6 novembro 2020,vazio,  eBook Kindle 
223,Aprenda o básico de Python: Direto ao ponto,Max Millian,,," 4,1 ",4 avaliações de clientes,39 páginas,22 janeiro 2023,vazio,  eBook Kindle 
224,Integração numérica: Série Cálculo Numérico para todos,Anibal Azevedo,,,,,vazio,19 fevereiro 2021,vazio,  [Print Replica] eBook Kindle 
225,"Coletânea PYTHON AO EXTREMO: 6 livros, 1000+ páginas",Fernando Feltrin,,," 4,7 ",5 avaliações de clientes,1010 páginas,1 novembro 2021,vazio,  eBook Kindle 
226,Metodos Numericos Computacionais,Sebastiao Cicero Pinheiro Gomes,,," 5,0 ",5 avaliações de clientes,222 páginas,22 junho 2021,CIENCIA MODERNA,  Capa comum – 22 junho 2021 
227,Algoritmos. Programação Para Iniciantes,Gilvan Vilarim,,," 4,5 ",9 avaliações de clientes,304 páginas,1 janeiro 2017,Ciência Moderna,  Capa comum – 1 janeiro 2017 
228,"Coletânea Tópicos Especiais em Python - Fernando Feltrin: 5 livros, 600+ páginas de conteúdo",Fernando Feltrin,,,,,671 páginas,28 agosto 2023,vazio,  eBook Kindle 
229,Algoritmos,Sanjoy Dasgupta,,," 4,4 ",31 avaliações de clientes,336 páginas,1 janeiro 2009,AMGH,  Capa comum – 1 janeiro 2009 
230,Primeiro Contato com Lógica de Programação e Algoritmos: Notas de Aula (Escola de Programação),Marco Aurélio Thompson,,," 4,2 ",32 avaliações de clientes,55 páginas,7 abril 2023,vazio,  eBook Kindle 
231,Criatividade,John Cleese,,," 5,0 ",3 avaliações de clientes,108 páginas,1 janeiro 2024,H1 Editora,  Capa dura – 1 janeiro 2024 
232,Inteligência Artificial e Machine Learning: Teoria e Aplicações,Marcos Airton de Sousa  Freitas,Gabriel Belmino Freitas,," 4,1 ",38 avaliações de clientes,169 páginas,3 março 2020,vazio,  eBook Kindle 
233,"PYTHON DESVENDADO: HISTÓRIA, EVOLUÇÃO E DOMÍNIO",kayky gabriel nogueira barros,,,,,570 páginas,14 outubro 2023,vazio,  eBook Kindle 
234,Desenvolvimento de sistemas para iniciantes,Salomão Da Silva,,," 3,0 ",2 avaliações de clientes,188 páginas,24 novembro 2023,vazio,  eBook Kindle 
235,Freqtrade:: bot de negociação de bitcoin gratuito e de código aberto escrito em Python,Francisco Jonas,,,,,143 páginas,3 dezembro 2023,vazio,  eBook Kindle 
236,Python: 301 Perguntas e Respostas de Especialistas,R. B. Evaluations,,," 4,6 ",18 avaliações de clientes,890 páginas,12 maio 2017,vazio,  eBook Kindle 
237,Python Resumido,Danilo Henrique,,," 4,5 ",7 avaliações de clientes,85 páginas,24 janeiro 2021,vazio,  eBook Kindle 
238,Matemática para Computação: Fundamentos e Aplicações,Dorian Torres,,," 3,8 ",7 avaliações de clientes,33 páginas,14 janeiro 2023,vazio,  eBook Kindle 
239,Não Me Faça Pensar,,,," 4,8 ",18 avaliações de clientes,vazio,1 janeiro 2001,Market Books,  Capa comum – 1 janeiro 2001 
240,Scikit-Learn para Data Science: Uma maneira fácil e rápida para os iniciantes em IA,Dheiver Francisco Santos,,," 4,5 ",2 avaliações de clientes,18 páginas,1 março 2022,vazio,  eBook Kindle 
241,Guia para se Tornar um Analista de Dados: A análise de dados é uma das profissões mais procuradas e gratificantes da era digital. Venha fazer parte desse seleto grupo de pessoas.,Tiago Linhares,,," 4,4 ",17 avaliações de clientes,54 páginas,31 julho 2023,vazio,  eBook Kindle 
242,Pyspark para Análise de dados e big data,Fabiano Rodrigues da Silva,,," 4,6 ",3 avaliações de clientes,155 páginas,20 agosto 2023,vazio,  eBook Kindle 
243,Aprendendo Java. Por Meio de Conceitos e Exemplos,Ricardo Augusto Poletini,,," 5,0 ",2 avaliações de clientes,152 páginas,1 janeiro 2015,Ciência Moderna,  Capa comum – 1 janeiro 2015 
244,"Seu primeiro projeto de manutenção preditiva: ""Usando Machine learning para prever falhas em máquinas""",Dheiver Francisco Santos,,," 3,4 ",18 avaliações de clientes,26 páginas,2 dezembro 2021,vazio,  eBook Kindle 
245,Introdução à Programação com Python: Do Zero à Automação: Um guia passo-a-passo para iniciantes,Guimarães Júnior Ferdinan Vieira,,," 1,0 ",1 classificação,15 páginas,26 julho 2023,vazio,  eBook Kindle 
246,Documentação do Cython,Cláudio Rogério Carvalho Filho,,," 4,0 ",2 avaliações de clientes,605 páginas,4 dezembro 2021,vazio,  eBook Kindle 
247,Python na Prática da Inteligência Artificial: Do Zero às Aplicações Avançadas,Virtus  et Veritas,,," 2,6 ",4 avaliações de clientes,51 páginas,23 janeiro 2024,vazio,  eBook Kindle 
248,Os Doze Macacos,Elizabeth Hand,Ludimila Hashimoto,," 4,8 ",28 avaliações de clientes,192 páginas,5 setembro 2023,Darkside,  Capa dura – 5 setembro 2023 
249,Aprendendo Lógica de Programação do Zero: Um Guia Essencial para Iniciantes (Programação Descomplicada: Domine as Linguagens do Futuro de um jeito rápido e fácil),Raphael R,,," 4,4 ",34 avaliações de clientes,48 páginas,28 março 2023,vazio,  eBook Kindle 
250,Coleção Os Melhores Filmes de Todos os Tempos (Completa - 8 volumes),Editora Europa,,," 1,0 ",1 classificação,416 páginas,1 janeiro 2021,Editora Europa,  Capa comum – 1 janeiro 2021 
251,Introdução à Economia: com aplicações em Python,Roque Neto,Chat GPT,," 4,6 ",3 avaliações de clientes,124 páginas,7 março 2023,vazio,  eBook Kindle 
252,Machine Learning: Introdução à classificação,Guilherme Silveira,Bennett Bullock,," 4,3 ",14 avaliações de clientes,637 páginas,20 outubro 2017,Casa do Código,  eBook Kindle 
253,Use a cabeça! Desenvolvendo para Android: desenvolvendo para Android,David Griffiths,Dawn Griffiths,," 4,6 ",31 avaliações de clientes,928 páginas,20 setembro 2019,Alta Books,  Capa comum – 20 setembro 2019 
254,Fácil Aprendizagem Python 3: Passo a passo para levar os iniciantes a aprender Python melhor e rápido,yang hu,,," 4,2 ",8 avaliações de clientes,180 páginas,12 novembro 2020,vazio,  eBook Kindle 
255,"Aprenda tudo sobre JavaScript , Python , Java , C# e SQL",MARCEL PACHECO,,,,,181 páginas,7 agosto 2023,vazio,  eBook Kindle 
256,Redes bayesianas: aplicações em confiabilidade e no diagnóstico de perdas não técnicas,Paulo R. F. de Moura Bastos,,," 4,5 ",16 avaliações de clientes,255 páginas,2 fevereiro 2017,Appris Editora,  Capa comum – 2 fevereiro 2017 
257,As Habilidades Necessárias para ser um Cientista de Dados: compreenda os fundamentos da ciência de dados.,Bruno  Torres,,," 4,1 ",43 avaliações de clientes,22 páginas,31 março 2021,vazio,  eBook Kindle 
258,Guia de Referência Rápida da linguagem de programação Python,Priscila Leite,,,,,19 páginas,27 dezembro 2023,vazio,  eBook Kindle 
259,"MySQL Essencial: Do básico ao avançado - um curso prático (Aprendendo Programação e Desenvolvimento Web com Javascript, C# e Bancos de Dados)",Dorian Torres,,," 4,5 ",7 avaliações de clientes,65 páginas,25 janeiro 2023,vazio,  eBook Kindle 
260,Programação Python: O guia definitivo para iniciantes e desenvolvedores experientes,M A Manivasagam,V P Binu,,,,188 páginas,23 junho 2023,vazio,  Capa comum – 23 junho 2023 
261,Decodificando Analytics: Excel com Python e Além,Liz Alexandrita de Souza Barreto,,," 5,0 ",1 classificação,130 páginas,14 outubro 2023,vazio,  eBook Kindle 
262,Computação Distribuída em Python,Fernando Feltrin,,," 3,5 ",2 avaliações de clientes,192 páginas,16 junho 2021,vazio,  eBook Kindle 
263,"TI Para Concursos: Arquitetura e Engenharia de Sistemas, Banco de Dados, Data Mining, Frameworks, Governança, Programação, Metodologias Ágeis, Métricas, Padrões, Redes e Segurança, Referenciais ISO",Diego Mathias Pinheiro,,," 3,2 ",11 avaliações de clientes,690 páginas,10 janeiro 2019,vazio,  eBook Kindle 
264,Análise Preditiva e o Consumidor Litigante: a Inteligência Artificial Pode Prever o Litígio de Consumo? (Edição 1),Ricardo Freitas Silveira,,," 5,0 ",1 classificação,123 páginas,23 fevereiro 2002,Editora Mizuno,  Capa comum – 23 fevereiro 2002 
265,MINERAÇÃO DE DADOS EDUCACIONAIS : Primeiros Passos com Python,Karina Casola,,," 4,6 ",6 avaliações de clientes,89 páginas,24 outubro 2020,vazio,  eBook Kindle 
266,Sql Avancado e Teoria Relacional - 1,Souza,,," 3,6 ",6 avaliações de clientes,168 páginas,1 janeiro 2013,Ciencia Moderna,  Capa comum – 1 janeiro 2013 
267,MicroPython - Aprenda a programar microcontroladores,Claudio Luis Vieira Oliveira,Humberto Augusto Piovesana Zanetti,," 4,6 ",6 avaliações de clientes,127 páginas,19 novembro 2021,Expressa,  eBook Kindle 
268,Documentação do RPyC,Cláudio Rogério Carvalho Filho,,,,,212 páginas,4 dezembro 2021,vazio,  eBook Kindle 
269,Crie microsaas com python: Transforme suas habilidades de programação em sucesso profissional: Aprenda a criar software incrível com Python,Elton Jefferson do Nascimento Correia,,," 5,0 ",1 classificação,22 páginas,27 janeiro 2023,vazio,  eBook Kindle 
270,Introdução à Programação e aos Algoritmos,João Araujo Ribeiro,,," 4,6 ",21 avaliações de clientes,248 páginas,19 junho 2019,LTC,  Capa comum – 19 junho 2019 
271,Gestão da Segurança da Informação em Sistemas-de-Sistemas com RDFLib,Roberto  Monteiro Dias,,,,,293 páginas,19 dezembro 2023,vazio,  eBook Kindle 
272,Web Scraping com Python: Coletando Dados na Web Moderna,Ryan Mitchell,,," 4,7 ",38 avaliações de clientes,288 páginas,19 agosto 2015,Novatec Editora,  Capa comum – 19 agosto 2015 
273,Introducao A Programacao Pensamento Computacional,Severino Do Ramo Paiva,,," 4,0 ",12 avaliações de clientes,242 páginas,22 junho 2021,CIENCIA MODERNA,  Capa comum – 22 junho 2021 
274,Betting Python - Código Para Prognósticos,Victor C.,,,,,14 páginas,24 agosto 2023,vazio,  eBook Kindle 
275,Python Machine Learning,Sebastian Raschka,Vahid Mirjalili,," 4,4 ",45 avaliações de clientes,618 páginas,21 fevereiro 2019,Marcombo,  Capa comum – 21 fevereiro 2019 
276,O Fantasma - volume 10: O fantasma aterroriza os terroristas!,Tony DePaul,,," 4,7 ",50 avaliações de clientes,52 páginas,15 julho 2021,Mythos,"  Canoa, Grampeado ou Costurado – 15 julho 2021 "
277,Computação em Nuvem,Manoel Veras Sousa de Neto,,," 4,5 ",49 avaliações de clientes,321 páginas,15 outubro 2015,BRASPORT,  eBook Kindle 
278,Estatística e Ciência de Dados,Pedro Alberto Morettin,Julio da Motta Singer,," 4,8 ",153 avaliações de clientes,464 páginas,30 junho 2022,LTC,  Capa comum – 30 junho 2022 
279,IoT com MicroPython e NodeMCU,Cláudio Luís Vieira Oliveira,Humberto A. Piovesana Zanetti,," 4,7 ",36 avaliações de clientes,369 páginas,11 fevereiro 2022,Novatec Editora,  eBook Kindle 
280,"Da Revolução do Stand-up à TV Pirata: Comédia e Sociedade no Brasil, Estados Unidos e Inglaterra",André Boucinhas,,," 5,0 ",6 avaliações de clientes,116 páginas,21 novembro 2022,7Letras,  Capa comum – 21 novembro 2022 
281,"Para Que Serve Tudo Isso?. A Filosofia E O Sentido Da Vida, De Platão A Monty Python",Julian Baggini,,," 4,2 ",5 avaliações de clientes,216 páginas,1 fevereiro 2008,Zahar,  Capa comum – 1 fevereiro 2008 
282,Minha Lady Jane,Brodi Ashton,,," 4,4 ",269 avaliações de clientes,368 páginas,20 junho 2017,Gutenberg,  Capa comum – 20 junho 2017 
283,Aprendendo Julia - Introdução à linguagem de programação Julia,Amaury André,,," 4,7 ",20 avaliações de clientes,61 páginas,12 abril 2020,vazio,  eBook Kindle 
284,ChatGPT e Python Em Ação Para Iniciantes,Marcelo Fabiano Nascimento de Oliveira,,," 5,0 ",1 classificação,36 páginas,3 março 2024,vazio,  eBook Kindle 
285,Introdução aos Métodos Estatísticos Para Economia e Finanças,Alexandre Xavier Ywata De Carvalho,,," 4,1 ",13 avaliações de clientes,360 páginas,1 janeiro 2015,Editora UnB,  Capa comum – 1 janeiro 2015 
286,Computação Científica usando Python,Rosevaldo de Oliveira,Victor Hugo Garcia Campos,," 4,1 ",32 avaliações de clientes,vazio,8 setembro 2016,vazio,  [Print Replica] eBook Kindle 
287,Botando a Mão na Massa: Guia prático para aprender Python,Marcelo  Fabiano,,,,,30 páginas,20 janeiro 2024,vazio,  eBook Kindle 
288,"Automação de Testes na Prática com Python, Selenium e Behave.",João Victor  Barreto,,," 4,5 ",13 avaliações de clientes,32 páginas,26 novembro 2019,vazio,  eBook Kindle 
289,Iniciando em python,GUSTAVO GUIMARAES,,,,,38 páginas,26 julho 2023,vazio,  eBook Kindle 
290,Análise Técnica de Ações - Padrões Gráficos,Luís Sérgio Martins,,," 4,9 ",19 avaliações de clientes,482 páginas,17 agosto 2020,Clube de Autores,  Capa flexível – 17 agosto 2020 
291,Analítica de dados com Hadoop: Uma introdução para cientistas de dados,Benjamin Bengfort,Jenny Kim,," 4,7 ",89 avaliações de clientes,462 páginas,22 maio 2019,Novatec Editora,  eBook Kindle 
292,151 Desafios Pythonicos: Aprenda Python Através de Exercícios,F. Lima,,,,,86 páginas,30 julho 2023,vazio,  eBook Kindle 
293,Introdução ao Pentest,Daniel Moreno,,," 4,8 ",334 avaliações de clientes,384 páginas,28 outubro 2019,Novatec Editora,  Capa comum – 28 outubro 2019 
294,Raspberry PI descomplicado,Claudio Luis Vieira Oliveira,,," 4,6 ",46 avaliações de clientes,224 páginas,23 fevereiro 2018,Editora Érica,  Capa comum – 23 fevereiro 2018 
295,Termodinâmica na Engenharia Química,Frederico Wanderley Tavares,,," 5,0 ",5 avaliações de clientes,344 páginas,19 janeiro 2023,LTC,  Capa comum – 19 janeiro 2023 
296,Visão Computacional em Python: Do básico às redes neurais artificiais,Fernando Feltrin,,,,,636 páginas,9 outubro 2023,vazio,  eBook Kindle 
297,Python - do Inicio ao Desenvolvimento Basico de Jogos,Higor Zardo Medeiros,,,,,291 páginas,14 março 2021,Clube dos Autores,  Capa comum – 14 março 2021 
298,Inteligência Artificial Aplicada: Usando Python e TensorFlow,Raphael  R.,,,,,46 páginas,1 novembro 2023,vazio,  eBook Kindle 
299,Ciência de Dados e Aprendizado de Máquina: Uma abordagem prática as redes neurais artificiais,Fernando Feltrin,,," 4,5 ",22 avaliações de clientes,296 páginas,26 agosto 2019,vazio,  eBook Kindle 
300,"Coletânea Tópicos Especiais em Python: 3 Livros, 400+ Páginas",Fernando Feltrin,,,,,443 páginas,14 setembro 2021,vazio,  eBook Kindle 
301,Python Bootcamp (Exercícios Comentados): Vol. 1,Felipe de Agostini,,,,,106 páginas,24 agosto 2023,vazio,  eBook Kindle 
302,As aventuras de Patuncio: O programador Full Quack,Eduardo Marin,,," 5,0 ",2 avaliações de clientes,254 páginas,16 fevereiro 2024,vazio,  eBook Kindle 
303,Aprender a programar em Python: Aprenda a linguagem de programação python do zero.,Daniel  Ribeiro ,,,,,17 páginas,23 setembro 2023,vazio,  eBook Kindle 
304,"COLETÂNEA Tópicos Especiais em Python: 2 livros, 280+ páginas",Fernando Feltrin,,,,,342 páginas,27 maio 2021,vazio,  eBook Kindle 
305,Fundamentos De Programação Python,Leonardo Guerra De Rezende Guedes & Mário Elias Cândido Neto,,,,,66 páginas,8 maio 2023,Clube de Autores,  eBook Kindle 
306,"COLETÂNEA PYTHON NA PRÁTICA: 2 livros, 290+ páginas, 175+ exercícios",Fernando Feltrin,,," 4,7 ",4 avaliações de clientes,339 páginas,9 maio 2022,vazio,  eBook Kindle 
307,Gramática,Priscila Ferrarotto,,," 4,7 ",85 avaliações de clientes,6 páginas,1 janeiro 2016,Resumão,  Capa comum – 1 janeiro 2016 
308,Gastaria Tudo Com Pizza,Pedro Duarte,,," 4,6 ",601 avaliações de clientes,224 páginas,2 dezembro 2019,Pipoca e Nanquim,  Capa dura – 2 dezembro 2019 
309,Tópicos Especiais em Python: Volume 3 (Tópicos Especiais em Python - Fernando Feltrin),Fernando Feltrin,,," 5,0 ",1 classificação,102 páginas,14 setembro 2021,vazio,  eBook Kindle 
310,Aprendizado de máquina Para Leigos,John Paul Mueller,Luca Massaron,," 4,7 ",78 avaliações de clientes,432 páginas,8 outubro 2019,Alta Books,  Capa comum – 8 outubro 2019 
311,Fundamentos da computação em nuvem (Série Universitária),Tiago Santos,,," 5,0 ",3 avaliações de clientes,211 páginas,22 janeiro 2018,Editora Senac São Paulo,  eBook Kindle 
312,Estatística,John C. Mijares,,," 4,6 ",68 avaliações de clientes,6 páginas,1 janeiro 2005,Resumão,  Capa comum – 1 janeiro 2005 
313,Introdução à visão computacional usando Matlab,Andre Ricardo Backes,Jarbas Joaci de Mesquita Sá Junior,," 4,7 ",25 avaliações de clientes,288 páginas,11 agosto 2016,Alta Books,  Capa comum – 11 agosto 2016 
314,"Inteligência Artificial em Javascript (Aprendendo Programação e Desenvolvimento Web com Javascript, C# e Bancos de Dados)",Dorian Torres,,," 2,9 ",3 avaliações de clientes,31 páginas,19 janeiro 2023,vazio,  eBook Kindle 
315,Análise de Séries Temporais em R: Curso Introdutório,Pedro FGV,,," 4,6 ",125 avaliações de clientes,264 páginas,23 outubro 2017,GEN Atlas,  Capa comum – 23 outubro 2017 
316,101 Exercícios Comentados em Python: F. Lima,F. Lima,,,,,93 páginas,3 agosto 2023,vazio,  eBook Kindle 
317,Reconhecimento de gestos manuais com Python,Meenu Vijarania,Swati Gupta,,,,52 páginas,19 março 2024,vazio,  Capa comum – 19 março 2024 
318,Programando em Python do Basico `A Web,Antonio Sérgio Nogueira,,,,,255 páginas,25 março 2022,Clube de Autores,  Capa comum – 25 março 2022 
319,PYTHON_PODCAST_BR,Jonathan Rodrigo,Jonathan Rodrigo,,,,vazio,vazio,vazio,
320,Tópicos Especiais em Python - Vol. 5 (Tópicos Especiais em Python - Fernando Feltrin Livro 1),Fernando Feltrin,,,,,109 páginas,28 agosto 2023,vazio,  eBook Kindle 
321,"O Livro do Programador: A bússola definitiva para você programar em qualquer linguagem (Aprendendo Programação e Desenvolvimento Web com Javascript, C# e Bancos de Dados)",Dorian Torres,,," 4,0 ",7 avaliações de clientes,96 páginas,15 outubro 2021,vazio,  eBook Kindle 
322,Auto se conheça,luiz philippe,,,,,51 páginas,9 abril 2024,vazio,  eBook Kindle 
323,Arrays com Python + Numpy (Versão Estendida): 75+ Exercícios Resolvidos e Comentados,Fernando Feltrin,,," 5,0 ",1 classificação,206 páginas,28 junho 2022,vazio,  eBook Kindle 
324,Ciência dos Dados nas Organizações. Aplicações em Python,José Braga de Vasconcelos,Alexandre Barão,," 4,0 ",2 avaliações de clientes,336 páginas,19 dezembro 2017,FCA,  Capa comum – 19 dezembro 2017 
325,Decodificando Analytics: Analytics com Dataviz na Tomada de Decisão,Liz Alexandrita de Souza Barreto,,,,,78 páginas,1 dezembro 2023,vazio,  eBook Kindle 
326,Introdução à Programação: Para Iniciantes e Agências Web Modernas,Milton Bolonha,,," 4,2 ",4 avaliações de clientes,112 páginas,7 janeiro 2024,vazio,  eBook Kindle 
327,Código Limpo,Robert C. Martin,,," 4,2 ",281 avaliações de clientes,vazio,2 março 2020,Alta Books,  [Print Replica] eBook Kindle 
328,2h para Aprender Python : Conteúdos e Dicas para Iniciantes em Python,Marcelo Fabiano,,,,,30 páginas,20 janeiro 2024,vazio,  eBook Kindle 
329,Banco de Dados MongoDB: Do Básico ao Avançado,Cursa Online Courses,,,,,500 páginas,4 março 2024,vazio,  eBook Kindle 
330,Algoritmos,JOSE AUGUSTO NAVARRO GARCIA MANZANO,,," 4,7 ",108 avaliações de clientes,700 páginas,1 janeiro 2014,Érica,  eBook Kindle 
331,Introdução à Programação em Linguagem Python,Rodolfo Riyoei Goya,,," 4,1 ",13 avaliações de clientes,200 páginas,15 julho 2015,vazio,  eBook Kindle 
332,Web Scraping com Python: Domine a coleta de dados na web para análise e insights,Vanilson Carvalho,,," 3,0 ",1 classificação,39 páginas,25 fevereiro 2023,vazio,  eBook Kindle 
333,Aprenda tudo sobre python,MARCEL PACHECO,,,,,112 páginas,1 janeiro 2023,vazio,  Capa comum – 1 janeiro 2023 
334,Python para iniciantes,Fabio Peçanha,,,,,28 páginas,19 janeiro 2024,vazio,  eBook Kindle 
335,Vagabundos no Espaço - Volume1,Raphael Salimena,,," 4,8 ",11 avaliações de clientes,104 páginas,5 dezembro 2018,Draco,  Capa comum – 5 dezembro 2018 
336,Aprendendo A Programar,Utilizando Python 3,,,,,vazio,5 outubro 2017,Clube de Autores,  eBook Kindle 
337,Práticas Python para Principiantes: Livro Exclusivo para Aspirantes,Kaliappan Annamalai,Dinesh Kumar Thangaraj,,,,60 páginas,28 fevereiro 2023,vazio,  Capa comum – 28 fevereiro 2023 
338,Python para Iniciantes: Uma jornada descomplicada na programação,Hamilton Pamplona de Oliveira Junior,,," 3,5 ",3 avaliações de clientes,28 páginas,30 dezembro 2023,vazio,  eBook Kindle 
339,Python. Algoritmia e Programação Web,José Braga De Vasconcelos,,," 4,5 ",2 avaliações de clientes,324 páginas,1 janeiro 2015,FCA,  Capa comum – 1 janeiro 2015 
340,Algoritmos de Programação: Exemplos Implementados - Revisado,Rodrigo Pinto de Carvalho,,," 4,0 ",3 avaliações de clientes,vazio,25 novembro 2016,vazio,  [Print Replica] eBook Kindle 
341,Inteligência Artificial,Fabrício Machado da Silva,,,,,240 páginas,1 janeiro 2023,SAGAH,  Capa comum – 1 janeiro 2023 
342,História da Programação: primeira linguagem de programação e a sua evolução,vicente  maia,,," 3,7 ",3 avaliações de clientes,10 páginas,29 janeiro 2023,vazio,  eBook Kindle 
343,"TRIBOLOGIA, LUBRIFICAÇÃO E MANCAIS DE DESLIZAMENTO - 2ª EDIÇÃO REVISTA E AMPLIADA",DURVAL DUARTE JUNIOR,,,,,282 páginas,1 janeiro 2023,EDITORA CIENCIA MODERNA,  Capa comum – 1 janeiro 2023 
344,Framework Django para iniciantes,Jackson Luis Schirigatti,,," 3,9 ",5 avaliações de clientes,134 páginas,1 janeiro 2021,Biblioteca 24horas,  Capa comum – 1 janeiro 2021 
345,Tópicos Especiais em Python Volume 4: Boas Práticas de Programação (Tópicos Especiais em Python - Fernando Feltrin Livro 2),Fernando Feltrin,,,,,145 páginas,19 setembro 2022,vazio,  eBook Kindle 
346,Python Expresso: Aprendizado Rápido e Eficiente,Carlos  Lucio,,,,,105 páginas,10 agosto 2023,vazio,  eBook Kindle 
347,Análise técnica dos mercados financeiros,Flávio Alexandre Caldas de Almeida Lemos,,," 4,7 ",2.364 avaliações de clientes,528 páginas,9 maio 2018,Saraiva Uni,  Capa comum – 9 maio 2018 
348,BOT Trade para Criptomoedas: Crie seu próprio Robô de Criptomoedas,JR o Bot Junior,,," 5,0 ",2 avaliações de clientes,69 páginas,8 setembro 2023,vazio,  eBook Kindle 
349,O BÁSICO DE APRENDER A CODIFICAÇÃO PYTHON PARA ADOLESCENTES,Mr Staffin,,," 3,0 ",1 classificação,28 páginas,29 janeiro 2023,vazio,  eBook Kindle 
350,Tópicos Especiais em Python - Fernando Feltrin,Fernando Feltrin,,," 5,0 ",3 avaliações de clientes,161 páginas,15 fevereiro 2021,vazio,  eBook Kindle 
351,Computação em Nuvem: O Que Você Realmente Precisa Saber,OPUS SOFTWARE,,," 4,6 ",834 avaliações de clientes,111 páginas,14 abril 2016,vazio,  eBook Kindle 
352,Técnicas de invasão de sistemas pentest: práticas detalhadas de hacker ético para os novos profissionais do mercado,César Felipe Gonçalves da Silva,,," 4,7 ",44 avaliações de clientes,400 páginas,25 setembro 2020,Editora Dialética,  eBook Kindle 
353,The Hundred-Page Machine Learning Book em português,Andriy Burkov,Rodrigo Amaro e Silva,," 4,4 ",6 avaliações de clientes,vazio,10 janeiro 2022,vazio,  [Print Replica] eBook Kindle 
354,AS MELHORES BIBLIOTECAS PYTHON: Torne-se um Especialista na Linguagem mais Popular do Mundo!,Diego  Rodrigues,,,,,43 páginas,30 abril 2024,vazio,  eBook Kindle 
355,Zeros de funções: Série Cálculo Numérico para todos,Anibal  Azevedo,,," 3,0 ",1 classificação,vazio,18 fevereiro 2021,vazio,  [Print Replica] eBook Kindle 
356,Python para Iniciantes: Guia de Introdução à Lógica de Programação,Luis Pereira,,,,,20 páginas,13 janeiro 2023,vazio,  eBook Kindle 
357,Algoritmos e Estruturas de Dados,Guimarães,Lages,," 4,7 ",21 avaliações de clientes,232 páginas,30 dezembro 1984,LTC,  Capa comum – 30 dezembro 1984 
358,Histórias apócrifas,Aleksandar Jovanovic,Karel Capek,," 4,5 ",52 avaliações de clientes,176 páginas,25 abril 2013,Editora 34,"  Capa comum – Livro interativo, 25 abril 2013 "
359,Python Em Poucas Palavras,Jideon Francisco Marques,,,,,1323 páginas,17 novembro 2022,Clube de Autores,  eBook Kindle 
360,Redes neurais artificiais: Fundamentos e Aplicações,Zsolt Kovacs,,," 4,2 ",14 avaliações de clientes,176 páginas,21 outubro 2023,Editora Livraria da Física,  Capa comum – 21 outubro 2023 
361,Métodos Numéricos: Ponto Fixo (Matlab e Pyton),Daniel Alves de Brito,,," 5,0 ",1 classificação,60 páginas,27 abril 2023,vazio,  eBook Kindle 
362,"Pesquisa Operacional: 170 Aplicações em Estratégia, Finanças, Logística, Produção, Marketing e Vendas",Eduardo C. Colin,,," 4,6 ",33 avaliações de clientes,528 páginas,15 dezembro 2017,Atlas,  Capa comum – 15 dezembro 2017 
363,informática - Série Provas e Concursos: 1507 Questões Comentadas,João Paulo Colet Orso,,," 4,8 ",81 avaliações de clientes,666 páginas,14 abril 2021,AlfaCon,  Capa comum – 14 abril 2021 
364,O Reino De Python,Eleaquim Jc,,,,,19 páginas,25 março 2024,Clube de Autores,  eBook Kindle 
365,Documentação do Flask,Cláudio Rogério Carvalho Filho,,," 4,5 ",2 avaliações de clientes,576 páginas,4 dezembro 2021,vazio,  eBook Kindle 
366,"Administracao De Redes Com Scripts: Bash Script, Python E Vbscript",Gouveia,,,,,172 páginas,1 janeiro 2007,Brasport,  Capa comum – 1 janeiro 2007 
367,Python: Perguntas e respostas de múltipla escolha,V P Binu,K V Subathra,,,,112 páginas,27 abril 2023,vazio,  Capa comum – 27 abril 2023 
368,Memória e esquecimento na internet (Pautas em Direito),Sérgio Branco,,," 4,6 ",32 avaliações de clientes,210 páginas,16 novembro 2017,Arquipélago Editorial,  eBook Kindle 
369,Método de Volumes Finitos Aplicado à Condução de Calor,Aluizio De Freitas,,," 4,0 ",3 avaliações de clientes,271 páginas,17 maio 2021,vazio,  Capa comum – 17 maio 2021 
370,GUIA PRÁTICO PARA APRENDER A PROGRAMAR EM PYTHON: PROGRAMAR AVANÇADO EM PYTHON,Joemerson  Santos,,,,,32 páginas,29 dezembro 2023,vazio,  eBook Kindle 
371,Sistema de Correcção Automática - Python OMR,Paulino Jonas,Jonas Apolo,,,,224 páginas,2 outubro 2023,vazio,  eBook Kindle 
372,Python Fácil: Guia Python Para Iniciantes,Uederson Ferreira Ramos de Oliveira,,,,,102 páginas,2 agosto 2021,vazio,  eBook Kindle 
373,Reencarnei como uma jujuba: e outros textos igualmente degradantes,Douglas Domingues,Victor Bello,," 4,7 ",43 avaliações de clientes,114 páginas,11 maio 2022,vazio,  eBook Kindle 
374,Coletânea Tópicos Especiais em Python (4 livros),Fernando Feltrin,,,,,577 páginas,20 setembro 2022,vazio,  eBook Kindle 
375,Documentação do Jinja: Documentação do Jinja completa em Português,Claudio Rogerio Carvalho Filho,,,,,290 páginas,4 dezembro 2021,vazio,  eBook Kindle 
376,Python para Iniciantes: Aprenda a Programar de Forma Simples e Divertida,Magnus  Cibernético,Equipe TechMentes Leya,,,,vazio,11 junho 2023,vazio,  eBook Kindle 
377,O Livro da Selva,Harvey Kurtzman,,," 4,7 ",68 avaliações de clientes,192 páginas,20 setembro 2021,Veneta,  Capa dura – 20 setembro 2021 
378,Aprendendo a programar com Python,Severino Paiva,,," 1,0 ",1 classificação,239 páginas,27 dezembro 2020,vazio,  eBook Kindle 
379,Meu Primeiro Livro de Programação,Sandro Silva,,," 3,8 ",20 avaliações de clientes,16 páginas,14 julho 2020,vazio,  eBook Kindle 
380,Expressões Regulares Cookbook,Jan Goyvaerts,Steven Levithan,," 5,0 ",10 avaliações de clientes,560 páginas,8 abril 2011,Novatec Editora,  Capa comum – 8 abril 2011 
381,Python Descomplicado: Da Programação Iniciante ao Avançado,Kaio Reis,,,,,44 páginas,20 março 2024,vazio,  eBook Kindle 
382,Uma introdução à Internet das Coisas e Sistemas Embarcados utilizando programação por blocos com BIPES e ESP8266 / ESP32,Rafael Vidal Aroca,,," 4,1 ",4 avaliações de clientes,168 páginas,8 janeiro 2022,vazio,  eBook Kindle 
383,Um Caminho para a Engenharia de Dados,Cézar Augusto Meira Carmo,,," 4,6 ",3 avaliações de clientes,108 páginas,21 julho 2023,vazio,  eBook Kindle 
384,Python - Primeiro passo no data science,Robinson Nemeth,,," 5,0 ",1 classificação,48 páginas,7 outubro 2021,vazio,  eBook Kindle 
385,Machine Learning E Python: Um Guia Pr?tico ? Ci?ncia De Dados,Rodrigo Barbosa De Santis E Tiago Silveira Gontijo,,,,,59 páginas,11 março 2023,Clube de Autores,  Capa comum – 11 março 2023 
386,Introdução À Programação Com Python. Algoritmos E Lógica De Programação Para Iniciantes,Nilo Ney Coutinho Menezes,,,,,224 páginas,1 janeiro 2010,Novatec,  Capa comum – 1 janeiro 2010 
387,Métodos Numéricos: Ponto fixo com MATLAB e Python,daniel alves de brito,,,,,120 páginas,11 julho 2023,vazio,  eBook Kindle 
388,Aprendendo Python,Lutz,,,,,392 páginas,18 junho 2007,Bookman,  Capa comum – 18 junho 2007 
389,Equações diferenciais ordinárias: Série Cálculo Numérico para todos,Anibal Azevedo,,," 3,0 ",2 avaliações de clientes,vazio,19 fevereiro 2021,vazio,  [Print Replica] eBook Kindle 
390,PUDIM PROJECT: Python Volume 11 - Automatizando Postagens em Redes e Plataformas Sociais (Python PUDIM PROJECT),ANDRE LUIZ BERNARDES,Ana Cláudia Santos Bernardes,,,,47 páginas,17 abril 2024,vazio,  eBook Kindle 
391,Eleve o nível da Extração de Dados(OCR) a um Novo Patamar: Descubra os Segredos com Google Vision API e ChatGPT,Gustavo Marcel Favarelli,,,,,31 páginas,19 maio 2023,vazio,  eBook Kindle 
392,APRENDENDO LÓGICA DE PROGRAMAÇÃO (Portugol),Sergio Eduardo Nunes,,," 1,0 ",1 classificação,vazio,25 junho 2023,vazio,  [Print Replica] eBook Kindle 
393,Machine Learning no Power BI: Use o aprendizado de máquina para automatizar seu Power BI,business intelligence,,," 3,8 ",4 avaliações de clientes,41 páginas,28 dezembro 2020,vazio,  eBook Kindle 
394,"Aprenda Python em 2h, com Mini Curso Python Gratuito",Marcelo F. N. de Oliveira,,,,,36 páginas,25 janeiro 2024,vazio,  eBook Kindle 
395,Atos Assombrosos - A Trilogia De Eddie Dickens,Philip Ardagh,,," 5,0 ",3 avaliações de clientes,140 páginas,12 maio 2004,Record,  Capa comum – 12 maio 2004 
396,PUDIM PROJECT: Python Volume 09 - Automatizando Postagens em Redes e Plataformas Sociais (Python PUDIM PROJECT Livro 7),ANDRE LUIZ BERNARDES,Ana Cláudia Santos Bernardes,,,,44 páginas,16 abril 2024,vazio,  eBook Kindle 
397,PUDIM PROJECT: Python Volume 08 - Automatizando Postagens em Redes e Plataformas Sociais (Python PUDIM PROJECT Livro 8),ANDRE LUIZ BERNARDES,Ana Cláudia Santos Bernardes,,,,48 páginas,16 abril 2024,vazio,  eBook Kindle 
398,Primeiros Passos com o Raspberry PI,Matt Richardson,Shawn Wallace,," 4,3 ",4 avaliações de clientes,192 páginas,7 março 2013,Novatec,  Capa comum – 7 março 2013 
399,Guia Essencial para Iniciantes em Programação: Descubra quais as Linguagens Mais Populares para você aprender,Raphael R,,," 2,5 ",2 avaliações de clientes,56 páginas,25 julho 2023,vazio,  eBook Kindle 
400,Simplificando Algoritmos,Andrés Menéndez,,," 5,0 ",4 avaliações de clientes,288 páginas,31 outubro 2022,LTC,  Capa comum – 31 outubro 2022 
401,250 Exercícios de Múltipla Escolha Sobre Python,Lima Jr.,,,,,590 páginas,6 agosto 2023,vazio,  eBook Kindle 
402,"Introducao a Programacao Web Para Bioinformatica. Html, Css, Php & Javascript",Mariano & De Melo-minardi,,," 4,6 ",170 avaliações de clientes,460 páginas,15 março 2022,Clube de Autores,  Capa comum – 15 março 2022 
403,Inteligência Artificial Bayesiana,José Felipe Souza de Almeida,,," 3,4 ",3 avaliações de clientes,163 páginas,1 abril 2022,Editora Dialética,  eBook Kindle 
404,Tópicos Especiais em Python - Volume 2 (Tópicos Especiais em Python - Fernando Feltrin Livro 4),Fernando Feltrin,,," 5,0 ",1 classificação,193 páginas,27 maio 2021,vazio,  eBook Kindle 
405,Aprendizado De Máquina Python 2 Livro Em 1,Jideon Francisco Marques,,," 1,0 ",1 classificação,360 páginas,10 novembro 2022,Clube de Autores,  eBook Kindle 
406,PUDIM PROJECT: Python Volume 07 - Automatizando Postagens em Redes e Plataformas Sociais (Python PUDIM PROJECT Livro 9),ANDRE LUIZ BERNARDES,André Luiz Bernardes,,,,47 páginas,16 abril 2024,vazio,  eBook Kindle 
407,"Inteligência Artificial: Robôs, Aplicativos e Aprendizado de Máquina em Poucas Palavras",John Adamssen,Kleber Lukas,,,,vazio,vazio,vazio,
408,Aprenda a programar em 10 lições fáceis,Quarto Publishing,,," 4,7 ",125 avaliações de clientes,64 páginas,1 julho 2017,Quarto Editora,  Capa dura – 1 julho 2017 
409,Guia Mangá álgebra Linear,Shin Takahashi,Iroha Inoue,," 4,9 ",125 avaliações de clientes,264 páginas,25 setembro 2012,Novatec Editora,  Capa comum – 25 setembro 2012 
410,2h de Python,Marcelo Fabiano,,,,,30 páginas,21 janeiro 2024,vazio,  eBook Kindle 
411,Teoria computacional de grafos: Os algoritmos,Jayme Luiz Szwarcfiter,,," 4,5 ",20 avaliações de clientes,483 páginas,5 abril 2018,GEN LTC,  eBook Kindle 
412,PUDIM PROJECT: Python Volume 10 - Automatizando Postagens em Redes e Plataformas Sociais (Python PUDIM PROJECT),ANDRE LUIZ BERNARDES,Ana Cláudia Santos Bernardes,,,,46 páginas,17 abril 2024,vazio,  eBook Kindle 
413,Python Bootcamp (Exercícios em Python): Vol. 2,Felipe de Agostini,,,,,150 páginas,24 agosto 2023,vazio,  eBook Kindle 
414,Python Bootcamp (Exercícios em Python): Vol. 3,Felipe de Agostini,,,,,138 páginas,24 agosto 2023,vazio,  eBook Kindle 
415,50+ Exercícios Resolvidos e Comentados em Python: Nível Especialista (Exercícios Resolvidos e Comentados em Python - Fernando Feltrin Livro 2),Fernando Feltrin,,,,,145 páginas,26 julho 2023,vazio,  eBook Kindle 
416,Framework Django para Iniciantes: Desenvolvimento ágil de páginas web modernas com Python + HTML + CSS + Javascript,Jackson Luis Schirigatti,,,,,96 páginas,21 outubro 2020,vazio,  Capa comum – 21 outubro 2020 
417,Computação em nuvem - cloud computing: tecnologias e estratégias,Brian J. S. Chee,Curtis Franklin Júnior,," 4,6 ",15 avaliações de clientes,256 páginas,1 janeiro 2013,M.Books,  Capa comum – 1 janeiro 2013 
418,INTRODUCAO A PROGRAMACAO COM PYTHON,,,,,,1 páginas,vazio,vazio,  Capa comum 
419,Uma introdução prática ao processamento de sinais digitais com Python,Akhtar Nadaf,Zakir Shaikh,,,,60 páginas,16 junho 2023,vazio,  Capa comum – 16 junho 2023 
420,GUIA PRÁTICO PARA APRENDER A PROGRAMAR EM PYTHON: APRENDER A PROGRAMAR,Joemerson Santos ,joemerson lima,,,,32 páginas,30 dezembro 2023,vazio,  eBook Kindle 
421,Concepção de um dispositivo de análise térmica simples e diferencial: Utilização de ferramentas Arduino® e Python®,Fenohasina Randriamampianina,,,,,100 páginas,19 abril 2023,vazio,  Capa comum – 19 abril 2023 
422,Python Descomplicado,EDUARDO PEREIRA,,,,,172 páginas,13 abril 2023,vazio,  eBook Kindle 
423,O Plâncton como Bioindicador Ambiental – Guia Prático Ilustrado,Vanessa Gazulha,,," 4,7 ",14 avaliações de clientes,80 páginas,1 janeiro 2022,RiMa Editora,  Capa comum – 1 janeiro 2022 
424,Extracção de padrões de utilidade utilizando Python,G S Thakur,,,,,104 páginas,7 junho 2023,vazio,  Capa comum – 7 junho 2023 
425,"Guia do Maker Para o Apocalipse Zumbi: Defenda sua Base com Circuitos Simples, Arduino e Raspberry Pi",Simon Monk,,," 4,6 ",70 avaliações de clientes,296 páginas,4 janeiro 2016,Novatec Editora,  Capa comum – 4 janeiro 2016 
426,Plone 4: administrando servidores Plone 4.x na prática,Rogério da Costa Dantas Luiz,,," 5,0 ",2 avaliações de clientes,144 páginas,12 fevereiro 2014,Brasport,  Capa comum – 12 fevereiro 2014 
427,Como Funciona Um Sistema De Recomendação,Newton Galiza,,," 4,0 ",2 avaliações de clientes,7 páginas,29 março 2022,vazio,  eBook Kindle 
428,A Espetacular e Incrível Vida de Douglas Adams,Jem Roberts,Stephania Matousek,," 4,6 ",51 avaliações de clientes,552 páginas,18 abril 2016,Editora Aleph,  Capa comum – 18 abril 2016 
429,Python Descomplicado: O caminho do Autodidata,Juvenal Culino,Juvenal Culino Culino,,,,126 páginas,27 janeiro 2024,vazio,  eBook Kindle 
430,Python Infantilizado: Conceitos Iniciais em exemplos bobos.,Cleiton  N. Alberto,,,,,3 páginas,23 junho 2023,vazio,  eBook Kindle 
431,Codificação Python c++,adam hazlewood,,,,,20 páginas,5 abril 2023,vazio,  eBook Kindle 
432,inteligência artificial: Os antepassados da aprendizagem profunda,Dr. mint,,,,,58 páginas,29 abril 2024,vazio,  eBook Kindle 
433,Controle da qualidade handbook - vol.1 - conceitos,,,,,,vazio,vazio,vazio,  Capa comum 
434,As fantásticas fábulas do magnífico Terry Jones,Terry Jones,Michael Foreman,," 4,7 ",48 avaliações de clientes,124 páginas,3 dezembro 2019,Formato,  Capa comum – 3 dezembro 2019 
435,MANUAL DO FREELANCER: Consiga seu primeiro cliente e ganhe uma renda extra,Python Fácil,,,,,12 páginas,10 novembro 2023,vazio,  eBook Kindle 
436,Programação Orientada à Objetos em Python: Do Básico ao Avançado,Fernando Feltrin,,,,,300 páginas,11 junho 2023,vazio,  eBook Kindle 
437,TECNOLOGIA DA INFORMAÇÃO: O mais completo para todos os concursos.,Wemerson Oliveira,,," 4,1 ",5 avaliações de clientes,vazio,16 fevereiro 2023,vazio,  [Print Replica] eBook Kindle 
438,Python E Django - Desenvolvimento Agil De Aplicacoes Web,"Osvaldo Galesi, Thiago^Santana",,," 5,0 ",1 classificação,280 páginas,1 janeiro 2010,Novatec,  Capa comum – 1 janeiro 2010 
439,Nagios. Monitorando de Redes Corporativas - 1,Oliveira,,," 4,7 ",5 avaliações de clientes,112 páginas,1 janeiro 2014,Ciencia Moderna,  Capa comum – 1 janeiro 2014 
440,Explorando Além dos Gráficos: Recursos Avançados e Truques no Power B (Power BI além dos gráficos Livro 1),BRUNO MELO DA SILVA,,,,,228 páginas,23 dezembro 2023,vazio,  eBook Kindle 
441,"Aprenda Django 3 com Exemplos: Crie Aplicações web Profissionais em Python, Começando do Zero",Antonio Melé,,," 4,8 ",137 avaliações de clientes,544 páginas,10 agosto 2020,Novatec Editora,  Capa comum – 10 agosto 2020 
442,Primeiros Passos com Web2py: Desenvolvimento Agil para Web,Mauro Duarte,,," 3,4 ",9 avaliações de clientes,238 páginas,29 fevereiro 2016,vazio,  eBook Kindle 
443,"Integrando Flash com Perl e Python - Versoes Mx 2004, Mx e 5.0 - 1",Macedo,,,,,168 páginas,1 janeiro 2006,Ciencia Moderna,  Capa comum – 1 janeiro 2006 
444,"Inteligência Artificial: A Breve História da Aprendizagem Profunda, Algoritmos, Processamento de Linguagem Natural, Redes Neurais Artificiais e Ferramentas como ChatGPT, Dall-E e Mais",John K Burchfield,,,,,122 páginas,30 junho 2023,Global History Book Press,  Capa comum – 30 junho 2023 
445,Programação em Python 3,Mark Summerfield,,," 4,6 ",64 avaliações de clientes,520 páginas,23 novembro 2009,Alta Books,  Capa comum – 23 novembro 2009 
446,Dados Demais!,Thomas H. Davenport,,," 4,2 ",57 avaliações de clientes,240 páginas,19 novembro 2013,Elsevier,  Capa comum – 19 novembro 2013 
447,Monty Python - o Sentido da Vida - sem CD,Monty Python,,,,,56 páginas,1 janeiro 2008,Abril,  Capa comum – 1 janeiro 2008 
448,DESPERTE O PROFÉTICO QUE HÁ EM VOCÊ: Como operar biblicamente no profético e desmascarar o espírito Python,Shaddai  MAVAKALA,,,,,150 páginas,15 janeiro 2024,vazio,  eBook Kindle 
449,Sistemas Lineares: Série Cálculo Numérico para todos,Anibal Azevedo,,," 5,0 ",1 classificação,vazio,18 fevereiro 2021,vazio,  [Print Replica] eBook Kindle 
450,Documentação do Twisted,Cláudio Rogério Carvalho Filho,,,,,1206 páginas,4 dezembro 2021,vazio,  eBook Kindle 
451,"Cálculo No Mercado Financeiro: Conceitos, Ferramentas E Exercícios",Liliam Sanchez Carrete,Rosana Tavares,," 4,5 ",7 avaliações de clientes,456 páginas,7 janeiro 2015,Atlas,  Capa comum – 7 janeiro 2015 
452,Coding for Security : Guia Completo para Desenvolvimento Seguro,Eduardo Rodrigo Dias,,," 4,1 ",3 avaliações de clientes,vazio,13 junho 2023,vazio,  eBook Kindle 
453,Noções básicas de Python,Srinivas Jagirdar,,,,,52 páginas,5 abril 2023,vazio,  Capa comum – 5 abril 2023 
454,UNIVERSO DA PROGRAMAÇÃO: Guia Essencial de termos e conceitos,Maiquel Gomes,,,,,134 páginas,11 julho 2023,vazio,  eBook Kindle 
455,Automatize Tarefas Maçantes com Python: Programação Prática Para Verdadeiros Iniciantes,Al Sweigart,,," 4,8 ",249 avaliações de clientes,568 páginas,17 agosto 2015,Novatec Editora,  Capa comum – 17 agosto 2015 
456,Apostila Python: Porta de entrada,Hebert Barros,,,,,165 páginas,8 fevereiro 2023,vazio,  eBook Kindle 
457,Know python in Portuguese,Avinash T V,,,,,166 páginas,28 abril 2023,vazio,  eBook Kindle 
458,Geek Love: Todos nós temos um lado freakshow,Katherine Dunn,Débora Isidoro,," 4,7 ",706 avaliações de clientes,464 páginas,7 julho 2018,Darkside,  Capa dura – 7 julho 2018 
459,Go em Ação,William Kennedy,,," 4,7 ",82 avaliações de clientes,304 páginas,24 maio 2016,Novatec Editora,  Capa comum – 24 maio 2016 
460,Aprenda a Programar,Cesar Brod,,,,,288 páginas,18 outubro 2013,Novatec,  Capa comum – 18 outubro 2013 
461,Python Descomplicado,Eduardo  Pereira ,,,,,215 páginas,11 abril 2023,vazio,  eBook Kindle 
462,Aprendizagem profunda prática com programação Python,Anurag Jain,,,,,60 páginas,26 janeiro 2023,vazio,  Capa comum – 26 janeiro 2023 
463,Python para Iniciantes: Um Guia Prático para Aprender a Programar,Lincon Venicios Gallo do Santos,,,,,39 páginas,16 fevereiro 2023,vazio,  eBook Kindle 
464,Documentação do PyTest,Cláudio Rogério Carvalho Filho,,,,,439 páginas,4 dezembro 2021,vazio,  eBook Kindle 
465,Explicando Django 1.10,Jossiano Leal,,,,,vazio,4 junho 2023,vazio,  eBook Kindle 
466,"Administracao De Redes Com Scripts. Bash Script, Python E Vbscript",Daniel G Costa,,," 5,0 ",3 avaliações de clientes,208 páginas,8 abril 2010,Brasport,  Capa comum – 8 abril 2010 
467,"PROFISSÃO CIENTISTA DE DADOS: Habilidades, Desafios e Oportunidades na área de Ciência de Dados",Diego  Rodrigues,,,,,49 páginas,30 abril 2024,vazio,  eBook Kindle 
468,Porque Não sou Cristão,Bertrand Russell,,," 4,3 ",7 avaliações de clientes,212 páginas,20 novembro 2020,Edições 70,  Capa comum – 20 novembro 2020 
469,Guia como codificar em Minecraft,On Line Editora,,," 5,0 ",1 classificação,132 páginas,1 outubro 2018,On Line Editora,  Capa comum – 1 outubro 2018 
470,Blockchain com Python Guia básico: Python aplicado ao blockchain em nível básico,Alexandre Simões,,," 4,0 ",1 classificação,29 páginas,13 janeiro 2021,vazio,  eBook Kindle 
471,Mineração de Dados da Web Social,Matthew A. Russell,,," 4,8 ",10 avaliações de clientes,360 páginas,26 julho 2011,Novatec,  Capa comum – 26 julho 2011 
472,Por Que Não Sou Cristão,Bertrand Russell,,," 5,0 ",4 avaliações de clientes,224 páginas,7 março 2008,L&PM,  Capa comum – 7 março 2008 
473,Expressões Regulares. Uma Abordagem Divertida,Aurelio Marinho Jargas,,," 4,6 ",12 avaliações de clientes,224 páginas,23 outubro 2012,Novatec,  Capa comum – 23 outubro 2012 
474,Introdução em Cloud: Uma breve Introdução a Computação em Nuvem,Matheus França,,," 5,0 ",2 avaliações de clientes,30 páginas,30 junho 2023,vazio,  eBook Kindle 
475,DOMINE O TensorFlow: Aprenda a trabalhar na melhor ferramenta de inteligência artificial do mercado,business intelligence,,," 4,0 ",1 classificação,19 páginas,6 dezembro 2020,vazio,  eBook Kindle 
476,PYTHON GAMES,João Rotta Neto,,,,,284 páginas,22 fevereiro 2023,UICLAP,"  Impressão sob demanda (capa comum) – Edição padrão, 22 fevereiro 2023 "
477,Machine Learning: metodologia de mineração automatizada com dados das redes sociais e processamento de linguagem natural,Flávio Mosafi,,," 2,0 ",1 classificação,159 páginas,18 janeiro 2022,Editora Dialética,  eBook Kindle 
478,Curso Básico para se Tornar um Programador,edson teixeira pinto junior,,,,,9 páginas,21 outubro 2023,vazio,  eBook Kindle 
479,Guia abrangente para o empenamento dinâmico do tempo em Python,Hafiz Muhammad Gulzar,,,,,60 páginas,19 janeiro 2023,vazio,  Capa comum – 19 janeiro 2023 
480,Aprendendo Julia - Introdução à DataFrames e Ciência de Dados em Julia,Amaury André,,," 4,7 ",16 avaliações de clientes,50 páginas,19 agosto 2019,vazio,  eBook Kindle 
481,Gestión de tesorería con Python,Francisco Salas Molina,David Plá Santamaría,,,,108 páginas,14 junho 2017,Universitat Politècnica de València,  Capa comum – 14 junho 2017 
482,Aum Coloração Em Bloco Para Gráficos Especiais Com Codificação Python: Vol 2,Uma Maheswari a,Bala Samuvel J,,,,52 páginas,22 março 2023,vazio,  Capa comum – 22 março 2023 
483,Fundamentos do Full-Stack: Integração de Django e JavaScript,Rupesh Kumar Tipu,Vandna Batra,,,,100 páginas,24 abril 2024,vazio,  Capa comum – 24 abril 2024 
484,Aprendizado de Máquina,Tiago Mendonça dos Santos Rafael Izbicki,,," 5,0 ",2 avaliações de clientes,270 páginas,27 outubro 2022,UICLAP,"  Impressão sob demanda (capa comum) – Edição padrão, 27 outubro 2022 "
485,Aprendizagem Da Máquina de Programação Em Python: Uma introdução aos modelos de aprendizagem automática - supervisionada,Jorge Gómez,Velssy Hernández,,,,108 páginas,16 novembro 2022,vazio,  Capa comum – 16 novembro 2022 
486,A Arte da Programação:: Desafios e Conquistas de Levike,Gabriel Bastos,,,,,vazio,12 junho 2023,vazio,  eBook Kindle 
487,Chuvas Intensas e Marés Crescentes em Moçambique: Desafios e Estratégias Diante do Aumento do Nível do Mar,Estêvão M Mazuze,Fialho Nehama,,,,56 páginas,29 fevereiro 2024,vazio,  Capa comum – 29 fevereiro 2024 
488,Programação Python: Complexo é Simples,Tanmay Arora,,,,,96 páginas,2 outubro 2020,vazio,  Capa comum – 2 outubro 2020 
489,Rastreamento celular convectivo através da Visão Computadorizada baseada no Aprendizado Profundo: Algoritmo baseado em Python para identificação e seguimento de células convectivas,S V Ranganayakulu,,,,,76 páginas,9 fevereiro 2021,Edicoes Nosso Conhecimento,  Capa comum – 9 fevereiro 2021 
490,C#: Como Programar,Harvey Deitel,,," 4,6 ",7 avaliações de clientes,1200 páginas,28 maio 2003,Pearson Universidades,  Capa comum – 28 maio 2003 
491,Inteligência Artificial com R e Python para Iniciantes: Uma Introdução à Análise Estatística e Machine Learning,Luiz Barboza,,,,,228 páginas,20 abril 2020,Novas Edicoes Academicas,  Capa comum – 20 abril 2020 
492,Computação em nuvem para concursos - Questões comentadas e teoria,Shirlei Aparecida de Chaves,Daniel Nunes,," 4,1 ",2 avaliações de clientes,58 páginas,29 julho 2013,vazio,  eBook Kindle 
493,23 Perguntas sobre Aprendizado de Máquina: Regras Práticas para o Desenvolvimento de Aplicações,Rosembergue  Souza,,," 4,0 ",1 classificação,135 páginas,5 dezembro 2020,vazio,  eBook Kindle 
494,Programando o Raspberry PI,Simon Monk,,," 4,4 ",5 avaliações de clientes,192 páginas,12 abril 2013,Novatec,  Capa comum – 12 abril 2013 
495,Raspberry PI. Manual do Usuário,Eben Upton,Gareth Halfacree,," 4,8 ",11 avaliações de clientes,272 páginas,24 maio 2013,Novatec,  Capa comum – 24 maio 2013 
496,Programação à Caminho: Aprenda os conceitos básicos e escreva seu primeiro código.,Caio Henrique ,,," 5,0 ",1 classificação,vazio,21 janeiro 2023,vazio,  eBook Kindle 
497,Monetize e Ganhe dinheiro com Inteligência Artificial: IA Inteligência Artificial,CEO Martins Martines,martins oliveira,,,,13 páginas,2 maio 2024,vazio,  eBook Kindle 
498,Estrutura de Dados e Técnicas de Programação,Francisco Francisco Bianchi,,," 4,6 ",23 avaliações de clientes,416 páginas,8 agosto 2014,GEN LTC,  Capa comum – 8 agosto 2014 
499,Curso Intensivo de Python: Uma Introdução Prática e Baseada em Projetos à Programação,Eric Matthes,,," 4,8 ",565 avaliações de clientes,656 páginas,16 maio 2016,Novatec Editora,  Capa comum – 16 maio 2016 
500,Exemplos de utilização de Python para criar Geo-apps,Amarildo Shallas,,,,,56 páginas,3 junho 2022,vazio,  Capa comum – 3 junho 2022 
501,UNIVERSO DA PROGRAMAÇÃO: Guia essencial de termos e conceitos,Maiquel Gomes,,,,,133 páginas,11 julho 2023,vazio,  eBook Kindle 
502,Python Para Data Science,AMILCAR NETTO,,,,,200 páginas,15 janeiro 2023,Alta Books,  Capa comum – 15 janeiro 2023 
503,Deteção de idade e género com base na aprendizagem profunda,Mazin Riyadh Al-Hameed,Fatima Asaad Mohhammed,,,,64 páginas,14 abril 2024,vazio,  Capa comum – 14 abril 2024 
504,Python para começar,José Humberto de Souza Prates,,,,,126 páginas,7 março 2024,Clube de Autores,  Capa comum – 7 março 2024 
505,Computational Thinking : Unlocking the Power of Problem Solving,Claudio M. Antonio,,,,,28 páginas,17 outubro 2023,vazio,  eBook Kindle 
506,Aprenda a Programar com Minecraft: Transforme seu Mundo com o Poder do Python,Craig Richardson,,," 4,4 ",24 avaliações de clientes,360 páginas,13 abril 2016,Novatec Editora,  Capa comum – 13 abril 2016 
507,Deteção de imagens falsas utilizando algoritmos de aprendizagem automática,Ahmed Gazali Mounirou,,,,,84 páginas,5 abril 2024,Edicoes Nosso Conhecimento,  Capa comum – 5 abril 2024 
508,Aprendendo Pentest com Python: Utilize Scripts Python Para Executar Pentests Eficazes e Eficientes,Christopher Duffy,,," 5,0 ",33 avaliações de clientes,304 páginas,17 maio 2016,Novatec Editora,  Capa comum – 17 maio 2016 
509,Cartografia Com Python: Aplicações NAS Ciências Agrárias E Geociências,Vinicius Bergmann Martins,Mireli Bergmann Martins,,,,56 páginas,11 outubro 2022,vazio,  Capa comum – 11 outubro 2022 
510,"Padronização da Colheita de Semên em Três Espécies de Serpentes: (Epicrates crassus, Python regius e Crotalus durissus terrificus)",Suélem Lavorato de Oliveira,,,,,60 páginas,3 dezembro 2018,vazio,  Capa comum – 3 dezembro 2018 
511,Computação Em Nuvem: Solução de armazenamento de dados,Anurag Upadhyay,Anshul Kumar,,,,248 páginas,10 fevereiro 2023,vazio,  Capa comum – 10 fevereiro 2023 
512,Labirinto: Trinta anos sem perder a magia,Jim Henson,,," 4,7 ",277 avaliações de clientes,272 páginas,26 agosto 2016,Darkside,  Capa dura – 26 agosto 2016 
513,Dominando Python,Ruhan Avila da Conceição,,,,,172 páginas,27 julho 2023,UICLAP,"  Impressão sob demanda (capa comum) – Edição padrão, 27 julho 2023 "
514,Geração de citações aleatórias por categoria,Swati Gupta,Meenu Vijarania,,,,56 páginas,27 março 2024,vazio,  Capa comum – 27 março 2024 
515,"Míster Mundo: Jorge Jesus, o Flamengo e o incrível ano de 2019",Bruno Palvarini,,," 4,3 ",37 avaliações de clientes,246 páginas,31 dezembro 2019,vazio,  Capa comum – 31 dezembro 2019 
516,Desenhando com Turtle Graphics – Python,Helio H. Monte-Alto,,,,,105 páginas,23 abril 2024,Clube de Autores,  Capa comum – 23 abril 2024 
517,Humanos: Una breve historia de cómo la hemos pifiado,Tom Phillips,Ignacio Villaro Gumpert,," 4,4 ",161 avaliações de clientes,256 páginas,30 abril 2019,Ediciones Paidós,  Capa comum – 30 abril 2019 
518,Programação Python,,,,,,344 páginas,5 julho 2021,Tokio School S.L.,  Capa comum – 5 julho 2021 
519,Data science do zero: primeiras regras com o Python,Joel Grus,,," 4,6 ",792 avaliações de clientes,336 páginas,27 junho 2016,Alta Books,  Capa comum – 27 junho 2016 
520,Manual de Introdução à Programação Python,Lakshmi Padmaja,,,,,56 páginas,29 dezembro 2022,vazio,  Capa comum – 29 dezembro 2022 
521,Use a cabeça! Programação JavaScript: programação JavaScript,Eric Freeman,Elisabeth Robson,," 4,7 ",130 avaliações de clientes,704 páginas,24 maio 2016,Alta Books,  Capa comum – 24 maio 2016 
522,Python: Uma Introdução Simples,Edenilson Brandl,,,,,458 páginas,19 julho 2023,vazio,  Capa comum – 19 julho 2023 
523,PROGRAMAÇÃO PYTHON: APRENDER RAPIDAMENTE,G. S. Thakur,,,,,68 páginas,10 outubro 2023,Edições Nosso Conhecimento,  Capa comum – 10 outubro 2023 
524,Python para IOT: Programação Prática Python para IOT,Pratik Tawde,,,,,68 páginas,17 junho 2021,vazio,  Capa comum – 17 junho 2021 
525,Um algoritmo Python para a criação de dicionários em línguas africanas: Desenvolvimento de ferramentas HLT para as línguas africanas utilizando software de código aberto,Mthuli Buthelezi,,,,,56 páginas,27 dezembro 2022,Edições Nosso Conhecimento,  Capa comum – 27 dezembro 2022 
526,Conceitos de programação Python: Para principiantes e estudantes,Abhinav T,Ramesh B T,,,,132 páginas,29 dezembro 2023,vazio,  Capa comum – 29 dezembro 2023 
527,Livro de Tarefas de Segurança Cibernética: Protecção de dados utilizando a linguagem de programação Python,Artem Sokolov,,,,,64 páginas,21 junho 2022,vazio,  Capa comum – 21 junho 2022 
528,CONVERSÃO ÁUDIO/TEXTO PARA LINGUAGEM GESTUAL: ABORDAGEM PYTHON,Raghavendra Chilamakur,Kalyani Darapaneni,,,,56 páginas,7 agosto 2022,vazio,  Capa comum – 7 agosto 2022 
529,"Python: Pygame, Zope, Trac, Sintaxe e semântica de Python, Guido van Rossum, CPython, Blender Publisher, Django, WxPython, PyQT, PyGTK, Stoq",Fonte: Wikipedia,,,,,28 páginas,26 junho 2011,"Books LLC, Wiki Series",  Capa comum – 26 junho 2011 
530,Programação Python: Para principiantes,T Swapna,V Divya Raj,,,,52 páginas,8 fevereiro 2024,vazio,  Capa comum – 8 fevereiro 2024 
531,Linguagens de Programação: Princípios e Paradigmas,Allen B. Tucker,,," 5,0 ",2 avaliações de clientes,611 páginas,1 janeiro 2009,AMGH,  Capa comum – 1 janeiro 2009 
532,Algoritmos e Logica de Programacao com Python,Bruno Luvizotto Carli,,,,,199 páginas,24 março 2022,Clube de Autores,  Capa comum – 24 março 2022 
533,Python para programadores africanos principiantes,Francis Bent Mboyo Ndombo,,,,,140 páginas,22 agosto 2023,Edicoes Nosso Conhecimento,  Capa comum – 22 agosto 2023 
534,Algoritmos - Teoria e Prática,Thomas Thomas Cormen,,," 4,8 ",251 avaliações de clientes,944 páginas,10 abril 2012,GEN LTC,  Capa comum – 10 abril 2012 
535,Programação Python: Melhor desenvolvimento de PHP com o Laravel Framework e o Eloquent,Serge Mbele Amoungui,,,,,52 páginas,26 outubro 2023,Edicoes Nosso Conhecimento,  Capa comum – 26 outubro 2023 
536,O Oráculo De Delfos,Marion Giebel,,," 4,8 ",21 avaliações de clientes,116 páginas,1 janeiro 2014,Odysseus,  Capa comum – 1 janeiro 2014 
537,Sistema de apoio à decisão: Sistema de apoio à decisão com Python,Luis Angel Sosa Rivero,,,,,64 páginas,9 janeiro 2024,Edicoes Nosso Conhecimento,  Capa comum – 9 janeiro 2024 
538,Sistema de Recomendação de Livros Online Utilizando Filtragem Colaborativa: Aplicação da aprendizagem mecânica usando Python,Pratik Kumar Halder,Sukanta Kundu,,,,52 páginas,12 fevereiro 2024,Edicoes Nosso Conhecimento,  Capa comum – 12 fevereiro 2024 
539,Gastaria Tudo com Pizza - Edição com Autógrafo,Pedro Duarte,,," 4,9 ",57 avaliações de clientes,224 páginas,2 dezembro 2019,Pipoca e Nanquim,  Capa dura – 2 dezembro 2019 
540,Reconhecimento de gestos da mão utilizando aprendizagem automática em Python,Asha Sohal,,,,,60 páginas,31 dezembro 2023,vazio,  Capa comum – 31 dezembro 2023 
541,INTRODUCAO A COMPUTACAO USANDO PYTHON - UM FOCO NO,,,,,,516 páginas,vazio,vazio,  Capa comum 
542,Implementação do Python na Previsão da Estrutura Física e Microfísica,Nishikant Kishor Dhapekar,Arshad Quraishi,,,,76 páginas,29 abril 2022,vazio,  Capa comum – 29 abril 2022 
543,"Software livre: Python, Git, KDE Software Compilation 4, Projeto Harbour, Blender, História do software livre, NetHack, Copyleft, LaTeX",Fonte: Wikipedia,,,,,224 páginas,1 julho 2011,"Books LLC, Wiki Series",  Capa comum – 1 julho 2011 
544,"Conteúdo livre: Enciclopédias livres, Jogos em Código aberto, Licenças de conteúdo livre, Software livre, Python, Git",Fonte: Wikipedia,,,,,248 páginas,29 junho 2011,"Books LLC, Wiki Series",  Capa comum – 29 junho 2011 
545,"Linguagens interpretadas: Python, Linotte, Euphoria, Ruby, VBScript, Perl, AppleScript, Lua, Batch, AWK, Shell script, MIRC script, Logic Basic",Fonte: Wikipedia,,,,,54 páginas,27 junho 2011,"Books LLC, Wiki Series",  Capa comum – 27 junho 2011 
546,"Compiladores e interpretadores livres: Python, Free Pascal, PHP, Perl, Lua, AWK, GNU Compiler Collection, Cygwin, OCaml, Boo, Pawn, QB64",Fonte: Wikipedia,,,,,32 páginas,26 junho 2011,"Books LLC, Wiki Series",  Capa comum – 26 junho 2011 
547,"Linguagens de programação orientadas a objetos: C++, Python, Java, Ruby, C♯, Eiffel, Scala, Ada, Embarcadero Delphi, Smalltalk, Object Pascal",Fonte: Wikipedia,,,,,46 páginas,26 junho 2011,"Books LLC, Wiki Series",  Capa comum – 26 junho 2011 
548,"Software por licença: Licenças de Software, Software livre, Python, Git, KDE Software Compilation 4, Projeto Harbour, Blender",Fonte: Wikipedia,,,,,226 páginas,30 junho 2011,"Books LLC, Wiki Series",  Capa comum – 30 junho 2011 
549,"Humoristas do Reino Unido: Humoristas da Inglaterra, Monty Python, Graham Chapman, John Cleese, Hugh Laurie, Michael Palin, Terry Gilliam",Fonte: Wikipedia,,,,,30 páginas,26 junho 2011,"Books LLC, Wiki Series",  Capa comum – 26 junho 2011 
550,"Linguagens de script: Python, Euphoria, JavaScript, Ruby, VBScript, PHP, Perl, AppleScript, Lua, Batch, AWK, ActionScript, Shell script",Fonte: Wikipedia,,," 1,0 ",1 classificação,50 páginas,25 junho 2011,"Books LLC, Wiki Series",  Capa comum – 25 junho 2011 
551,"Humor: Desciclopédia, Piada, Monty Python, English As She Is Spoke, La Frikipedia, Trote telefônico, Cartoon, Partido político zuado, Paródia",Fonte: Wikipedia,,,,,30 páginas,27 junho 2011,"Books LLC, Wiki Series",  Capa comum – 27 junho 2011 
552,Introdução à ciência dos dados,Shabnam Sayyad,Vidya Patil,,,,120 páginas,7 dezembro 2023,vazio,  Capa comum – 7 dezembro 2023 
553,"Conteúdo livre: Enciclopédias livres, Jogos em Código aberto, Licenças de conteúdo livre, Software livre, Python, Git",Fonte: Wikipedia,,,,,248 páginas,29 junho 2011,"Books LLC, Wiki Series",  Capa comum – 29 junho 2011 
554,"Linguagens interpretadas: Python, Linotte, Euphoria, Ruby, VBScript, Perl, AppleScript, Lua, Batch, AWK, Shell script, MIRC script, Logic Basic",Fonte: Wikipedia,,,,,54 páginas,27 junho 2011,"Books LLC, Wiki Series",  Capa comum – 27 junho 2011 
555,"Compiladores e interpretadores livres: Python, Free Pascal, PHP, Perl, Lua, AWK, GNU Compiler Collection, Cygwin, OCaml, Boo, Pawn, QB64",Fonte: Wikipedia,,,,,32 páginas,26 junho 2011,"Books LLC, Wiki Series",  Capa comum – 26 junho 2011 
556,"Linguagens de programação orientadas a objetos: C++, Python, Java, Ruby, C♯, Eiffel, Scala, Ada, Embarcadero Delphi, Smalltalk, Object Pascal",Fonte: Wikipedia,,,,,46 páginas,26 junho 2011,"Books LLC, Wiki Series",  Capa comum – 26 junho 2011 
557,"Software por licença: Licenças de Software, Software livre, Python, Git, KDE Software Compilation 4, Projeto Harbour, Blender",Fonte: Wikipedia,,,,,226 páginas,30 junho 2011,"Books LLC, Wiki Series",  Capa comum – 30 junho 2011 
558,"Humoristas do Reino Unido: Humoristas da Inglaterra, Monty Python, Graham Chapman, John Cleese, Hugh Laurie, Michael Palin, Terry Gilliam",Fonte: Wikipedia,,,,,30 páginas,26 junho 2011,"Books LLC, Wiki Series",  Capa comum – 26 junho 2011 
559,"Linguagens de script: Python, Euphoria, JavaScript, Ruby, VBScript, PHP, Perl, AppleScript, Lua, Batch, AWK, ActionScript, Shell script",Fonte: Wikipedia,,," 1,0 ",1 classificação,50 páginas,25 junho 2011,"Books LLC, Wiki Series",  Capa comum – 25 junho 2011 
560,"Humor: Desciclopédia, Piada, Monty Python, English As She Is Spoke, La Frikipedia, Trote telefônico, Cartoon, Partido político zuado, Paródia",Fonte: Wikipedia,,,,,30 páginas,27 junho 2011,"Books LLC, Wiki Series",  Capa comum – 27 junho 2011 
561,Introdução à ciência dos dados,Shabnam Sayyad,Vidya Patil,,,,120 páginas,7 dezembro 2023,vazio,  Capa comum – 7 dezembro 2023 
562,"Conteúdo livre: Enciclopédias livres, Jogos em Código aberto, Licenças de conteúdo livre, Software livre, Python, Git",Fonte: Wikipedia,,,,,248 páginas,29 junho 2011,"Books LLC, Wiki Series",  Capa comum – 29 junho 2011 
563,"Linguagens interpretadas: Python, Linotte, Euphoria, Ruby, VBScript, Perl, AppleScript, Lua, Batch, AWK, Shell script, MIRC script, Logic Basic",Fonte: Wikipedia,,,,,54 páginas,27 junho 2011,"Books LLC, Wiki Series",  Capa comum – 27 junho 2011 
564,"Compiladores e interpretadores livres: Python, Free Pascal, PHP, Perl, Lua, AWK, GNU Compiler Collection, Cygwin, OCaml, Boo, Pawn, QB64",Fonte: Wikipedia,,,,,32 páginas,26 junho 2011,"Books LLC, Wiki Series",  Capa comum – 26 junho 2011 
565,"Linguagens de programação orientadas a objetos: C++, Python, Java, Ruby, C♯, Eiffel, Scala, Ada, Embarcadero Delphi, Smalltalk, Object Pascal",Fonte: Wikipedia,,,,,46 páginas,26 junho 2011,"Books LLC, Wiki Series",  Capa comum – 26 junho 2011 
566,"Software por licença: Licenças de Software, Software livre, Python, Git, KDE Software Compilation 4, Projeto Harbour, Blender",Fonte: Wikipedia,,,,,226 páginas,30 junho 2011,"Books LLC, Wiki Series",  Capa comum – 30 junho 2011 
567,"Humoristas do Reino Unido: Humoristas da Inglaterra, Monty Python, Graham Chapman, John Cleese, Hugh Laurie, Michael Palin, Terry Gilliam",Fonte: Wikipedia,,,,,30 páginas,26 junho 2011,"Books LLC, Wiki Series",  Capa comum – 26 junho 2011 
568,"Linguagens de script: Python, Euphoria, JavaScript, Ruby, VBScript, PHP, Perl, AppleScript, Lua, Batch, AWK, ActionScript, Shell script",Fonte: Wikipedia,,," 1,0 ",1 classificação,50 páginas,25 junho 2011,"Books LLC, Wiki Series",  Capa comum – 25 junho 2011 
569,"Humor: Desciclopédia, Piada, Monty Python, English As She Is Spoke, La Frikipedia, Trote telefônico, Cartoon, Partido político zuado, Paródia",Fonte: Wikipedia,,,,,30 páginas,27 junho 2011,"Books LLC, Wiki Series",  Capa comum – 27 junho 2011 
570,Introdução à ciência dos dados,Shabnam Sayyad,Vidya Patil,,,,120 páginas,7 dezembro 2023,vazio,  Capa comum – 7 dezembro 2023 
571,"Conteúdo livre: Enciclopédias livres, Jogos em Código aberto, Licenças de conteúdo livre, Software livre, Python, Git",Fonte: Wikipedia,,,,,248 páginas,29 junho 2011,"Books LLC, Wiki Series",  Capa comum – 29 junho 2011 
572,"Linguagens interpretadas: Python, Linotte, Euphoria, Ruby, VBScript, Perl, AppleScript, Lua, Batch, AWK, Shell script, MIRC script, Logic Basic",Fonte: Wikipedia,,,,,54 páginas,27 junho 2011,"Books LLC, Wiki Series",  Capa comum – 27 junho 2011 
573,"Compiladores e interpretadores livres: Python, Free Pascal, PHP, Perl, Lua, AWK, GNU Compiler Collection, Cygwin, OCaml, Boo, Pawn, QB64",Fonte: Wikipedia,,,,,32 páginas,26 junho 2011,"Books LLC, Wiki Series",  Capa comum – 26 junho 2011 
574,"Linguagens de programação orientadas a objetos: C++, Python, Java, Ruby, C♯, Eiffel, Scala, Ada, Embarcadero Delphi, Smalltalk, Object Pascal",Fonte: Wikipedia,,,,,46 páginas,26 junho 2011,"Books LLC, Wiki Series",  Capa comum – 26 junho 2011 
575,"Software por licença: Licenças de Software, Software livre, Python, Git, KDE Software Compilation 4, Projeto Harbour, Blender",Fonte: Wikipedia,,,,,226 páginas,30 junho 2011,"Books LLC, Wiki Series",  Capa comum – 30 junho 2011 
576,"Humoristas do Reino Unido: Humoristas da Inglaterra, Monty Python, Graham Chapman, John Cleese, Hugh Laurie, Michael Palin, Terry Gilliam",Fonte: Wikipedia,,,,,30 páginas,26 junho 2011,"Books LLC, Wiki Series",  Capa comum – 26 junho 2011 
577,"Linguagens de script: Python, Euphoria, JavaScript, Ruby, VBScript, PHP, Perl, AppleScript, Lua, Batch, AWK, ActionScript, Shell script",Fonte: Wikipedia,,," 1,0 ",1 classificação,50 páginas,25 junho 2011,"Books LLC, Wiki Series",  Capa comum – 25 junho 2011 
578,"Humor: Desciclopédia, Piada, Monty Python, English As She Is Spoke, La Frikipedia, Trote telefônico, Cartoon, Partido político zuado, Paródia",Fonte: Wikipedia,,,,,30 páginas,27 junho 2011,"Books LLC, Wiki Series",  Capa comum – 27 junho 2011 
